{
    "Home.js": [
        {
            "operation": "DELETE",
            "lines": 4,
            "keyStrokeTimeStamp": "Fri Apr 30 2021 18:54:37",
            "keyStrokeInfo": "",
            "position": "24,13"
        },
        {
            "operation": "PASTE",
            "lines": 5,
            "keyStrokeTimeStamp": "Fri Apr 30 2021 18:54:55",
            "keyStrokeInfo": " <li>First, decide who goes first and what color each player will have. </li>\r\n            <li>Players must alternate turns, and only one disc can be dropped in each turn. </li>\r\n            <li>On your turn, drop one of your colored discs from the top into any of the seven slots. </li>\r\n            <li>The game ends when there is a 4-in-a-row or a stalemate.</li>\r\n            <li>The starter of the previous game goes second on the next game.</li>",
            "position": "24,13"
        },
        {
            "operation": "TYPED",
            "lines": 0,
            "keyStrokeTimeStamp": "Fri Apr 30 2021 18:54:57",
            "keyStrokeInfo": "        ",
            "position": "24,1"
        },
        {
            "operation": "TYPED",
            "lines": 0,
            "keyStrokeTimeStamp": "Fri Apr 30 2021 18:55:01",
            "keyStrokeInfo": "  ",
            "position": "24,9"
        },
        {
            "operation": "TYPED",
            "lines": 0,
            "keyStrokeTimeStamp": "Fri Apr 30 2021 18:55:03",
            "keyStrokeInfo": "  ",
            "position": "24,11"
        }
    ],
    "App1.css": [
        {
            "operation": "DELETE",
            "lines": 1,
            "keyStrokeTimeStamp": "Fri Apr 30 2021 18:55:44",
            "keyStrokeInfo": "",
            "position": "204,1"
        },
        {
            "operation": "DELETE",
            "lines": 1,
            "keyStrokeTimeStamp": "Fri Apr 30 2021 18:55:44",
            "keyStrokeInfo": "",
            "position": "203,1"
        },
        {
            "operation": "DELETE",
            "lines": 1,
            "keyStrokeTimeStamp": "Fri Apr 30 2021 18:55:44",
            "keyStrokeInfo": "",
            "position": "202,1"
        },
        {
            "operation": "DELETE",
            "lines": 1,
            "keyStrokeTimeStamp": "Fri Apr 30 2021 18:55:45",
            "keyStrokeInfo": "",
            "position": "201,1"
        },
        {
            "operation": "DELETE",
            "lines": 1,
            "keyStrokeTimeStamp": "Fri Apr 30 2021 18:55:45",
            "keyStrokeInfo": "",
            "position": "200,1"
        },
        {
            "operation": "DELETE",
            "lines": 1,
            "keyStrokeTimeStamp": "Fri Apr 30 2021 18:55:45",
            "keyStrokeInfo": "",
            "position": "199,1"
        },
        {
            "operation": "DELETE",
            "lines": 1,
            "keyStrokeTimeStamp": "Fri Apr 30 2021 18:55:45",
            "keyStrokeInfo": "",
            "position": "198,1"
        },
        {
            "operation": "DELETE",
            "lines": 1,
            "keyStrokeTimeStamp": "Fri Apr 30 2021 18:55:45",
            "keyStrokeInfo": "",
            "position": "197,1"
        },
        {
            "operation": "DELETE",
            "lines": 1,
            "keyStrokeTimeStamp": "Fri Apr 30 2021 18:55:46",
            "keyStrokeInfo": "",
            "position": "196,1"
        },
        {
            "operation": "DELETE",
            "lines": 1,
            "keyStrokeTimeStamp": "Fri Apr 30 2021 18:55:46",
            "keyStrokeInfo": "",
            "position": "195,1"
        },
        {
            "operation": "DELETE",
            "lines": 1,
            "keyStrokeTimeStamp": "Fri Apr 30 2021 18:55:46",
            "keyStrokeInfo": "",
            "position": "194,1"
        },
        {
            "operation": "DELETE",
            "lines": 1,
            "keyStrokeTimeStamp": "Fri Apr 30 2021 18:55:46",
            "keyStrokeInfo": "",
            "position": "193,1"
        },
        {
            "operation": "DELETE",
            "lines": 1,
            "keyStrokeTimeStamp": "Fri Apr 30 2021 18:55:46",
            "keyStrokeInfo": "",
            "position": "192,1"
        },
        {
            "operation": "DELETE",
            "lines": 1,
            "keyStrokeTimeStamp": "Fri Apr 30 2021 18:55:47",
            "keyStrokeInfo": "",
            "position": "191,1"
        },
        {
            "operation": "DELETE",
            "lines": 0,
            "keyStrokeTimeStamp": "Fri Apr 30 2021 18:56:01",
            "keyStrokeInfo": "",
            "position": "101,12"
        },
        {
            "operation": "DELETE",
            "lines": 0,
            "keyStrokeTimeStamp": "Fri Apr 30 2021 18:56:01",
            "keyStrokeInfo": "",
            "position": "101,11"
        },
        {
            "operation": "DELETE",
            "lines": 0,
            "keyStrokeTimeStamp": "Fri Apr 30 2021 18:56:01",
            "keyStrokeInfo": "",
            "position": "101,10"
        },
        {
            "operation": "TYPED",
            "lines": 0,
            "keyStrokeTimeStamp": "Fri Apr 30 2021 18:56:03",
            "keyStrokeInfo": "b",
            "position": "101,10"
        },
        {
            "operation": "TYPED",
            "lines": 0,
            "keyStrokeTimeStamp": "Fri Apr 30 2021 18:56:03",
            "keyStrokeInfo": "l",
            "position": "101,11"
        },
        {
            "operation": "TYPED",
            "lines": 0,
            "keyStrokeTimeStamp": "Fri Apr 30 2021 18:56:04",
            "keyStrokeInfo": "u",
            "position": "101,12"
        },
        {
            "operation": "TYPED",
            "lines": 0,
            "keyStrokeTimeStamp": "Fri Apr 30 2021 18:56:04",
            "keyStrokeInfo": "e",
            "position": "101,13"
        },
        {
            "operation": "TYPED",
            "lines": 0,
            "keyStrokeTimeStamp": "Fri Apr 30 2021 18:56:05",
            "keyStrokeInfo": "blue",
            "position": "101,10"
        },
        {
            "operation": "DELETE",
            "lines": 0,
            "keyStrokeTimeStamp": "Fri Apr 30 2021 18:56:08",
            "keyStrokeInfo": "",
            "position": "97,16"
        },
        {
            "operation": "DELETE",
            "lines": 0,
            "keyStrokeTimeStamp": "Fri Apr 30 2021 18:56:08",
            "keyStrokeInfo": "",
            "position": "97,15"
        },
        {
            "operation": "DELETE",
            "lines": 0,
            "keyStrokeTimeStamp": "Fri Apr 30 2021 18:56:08",
            "keyStrokeInfo": "",
            "position": "97,14"
        },
        {
            "operation": "DELETE",
            "lines": 0,
            "keyStrokeTimeStamp": "Fri Apr 30 2021 18:56:08",
            "keyStrokeInfo": "",
            "position": "97,13"
        },
        {
            "operation": "DELETE",
            "lines": 0,
            "keyStrokeTimeStamp": "Fri Apr 30 2021 18:56:09",
            "keyStrokeInfo": "",
            "position": "97,12"
        },
        {
            "operation": "DELETE",
            "lines": 0,
            "keyStrokeTimeStamp": "Fri Apr 30 2021 18:56:09",
            "keyStrokeInfo": "",
            "position": "97,11"
        },
        {
            "operation": "DELETE",
            "lines": 0,
            "keyStrokeTimeStamp": "Fri Apr 30 2021 18:56:10",
            "keyStrokeInfo": "",
            "position": "97,10"
        },
        {
            "operation": "TYPED",
            "lines": 0,
            "keyStrokeTimeStamp": "Fri Apr 30 2021 18:56:10",
            "keyStrokeInfo": "g",
            "position": "97,10"
        },
        {
            "operation": "TYPED",
            "lines": 0,
            "keyStrokeTimeStamp": "Fri Apr 30 2021 18:56:11",
            "keyStrokeInfo": "r",
            "position": "97,11"
        },
        {
            "operation": "TYPED",
            "lines": 0,
            "keyStrokeTimeStamp": "Fri Apr 30 2021 18:56:11",
            "keyStrokeInfo": "e",
            "position": "97,12"
        },
        {
            "operation": "TYPED",
            "lines": 0,
            "keyStrokeTimeStamp": "Fri Apr 30 2021 18:56:11",
            "keyStrokeInfo": "e",
            "position": "97,13"
        },
        {
            "operation": "TYPED",
            "lines": 0,
            "keyStrokeTimeStamp": "Fri Apr 30 2021 18:56:11",
            "keyStrokeInfo": "n",
            "position": "97,14"
        },
        {
            "operation": "TYPED",
            "lines": 0,
            "keyStrokeTimeStamp": "Fri Apr 30 2021 18:56:12",
            "keyStrokeInfo": "green",
            "position": "97,10"
        },
        {
            "operation": "TYPED",
            "lines": 0,
            "keyStrokeTimeStamp": "Fri Apr 30 2021 18:56:48",
            "keyStrokeInfo": "green",
            "position": "97,10"
        },
        {
            "operation": "DELETE",
            "lines": 0,
            "keyStrokeTimeStamp": "Fri Apr 30 2021 18:56:51",
            "keyStrokeInfo": "",
            "position": "97,10"
        },
        {
            "operation": "TYPED",
            "lines": 0,
            "keyStrokeTimeStamp": "Fri Apr 30 2021 18:56:52",
            "keyStrokeInfo": "#DFC12A",
            "position": "97,10"
        },
        {
            "operation": "TYPED",
            "lines": 0,
            "keyStrokeTimeStamp": "Fri Apr 30 2021 18:56:53",
            "keyStrokeInfo": "blue",
            "position": "101,10"
        },
        {
            "operation": "DELETE",
            "lines": 0,
            "keyStrokeTimeStamp": "Fri Apr 30 2021 18:56:53",
            "keyStrokeInfo": "",
            "position": "101,10"
        },
        {
            "operation": "TYPED",
            "lines": 0,
            "keyStrokeTimeStamp": "Fri Apr 30 2021 18:56:54",
            "keyStrokeInfo": "red",
            "position": "101,10"
        }
    ],
    "player.css": [
        {
            "operation": "DELETE",
            "lines": 0,
            "keyStrokeTimeStamp": "Fri Apr 30 2021 18:57:05",
            "keyStrokeInfo": "",
            "position": "4,22"
        },
        {
            "operation": "DELETE",
            "lines": 0,
            "keyStrokeTimeStamp": "Fri Apr 30 2021 18:57:05",
            "keyStrokeInfo": "",
            "position": "4,21"
        },
        {
            "operation": "DELETE",
            "lines": 0,
            "keyStrokeTimeStamp": "Fri Apr 30 2021 18:57:05",
            "keyStrokeInfo": "",
            "position": "4,20"
        },
        {
            "operation": "DELETE",
            "lines": 0,
            "keyStrokeTimeStamp": "Fri Apr 30 2021 18:57:05",
            "keyStrokeInfo": "",
            "position": "4,19"
        },
        {
            "operation": "DELETE",
            "lines": 0,
            "keyStrokeTimeStamp": "Fri Apr 30 2021 18:57:05",
            "keyStrokeInfo": "",
            "position": "4,18"
        },
        {
            "operation": "DELETE",
            "lines": 0,
            "keyStrokeTimeStamp": "Fri Apr 30 2021 18:57:06",
            "keyStrokeInfo": "",
            "position": "4,17"
        },
        {
            "operation": "DELETE",
            "lines": 0,
            "keyStrokeTimeStamp": "Fri Apr 30 2021 18:57:06",
            "keyStrokeInfo": "",
            "position": "4,16"
        },
        {
            "operation": "DELETE",
            "lines": 0,
            "keyStrokeTimeStamp": "Fri Apr 30 2021 18:57:07",
            "keyStrokeInfo": "",
            "position": "4,15"
        },
        {
            "operation": "DELETE",
            "lines": 0,
            "keyStrokeTimeStamp": "Fri Apr 30 2021 18:57:07",
            "keyStrokeInfo": "",
            "position": "4,14"
        },
        {
            "operation": "DELETE",
            "lines": 0,
            "keyStrokeTimeStamp": "Fri Apr 30 2021 18:57:07",
            "keyStrokeInfo": "",
            "position": "4,13"
        },
        {
            "operation": "DELETE",
            "lines": 0,
            "keyStrokeTimeStamp": "Fri Apr 30 2021 18:57:07",
            "keyStrokeInfo": "",
            "position": "4,12"
        },
        {
            "operation": "DELETE",
            "lines": 0,
            "keyStrokeTimeStamp": "Fri Apr 30 2021 18:57:07",
            "keyStrokeInfo": "",
            "position": "4,11"
        },
        {
            "operation": "DELETE",
            "lines": 0,
            "keyStrokeTimeStamp": "Fri Apr 30 2021 18:57:08",
            "keyStrokeInfo": "",
            "position": "4,10"
        },
        {
            "operation": "DELETE",
            "lines": 0,
            "keyStrokeTimeStamp": "Fri Apr 30 2021 18:57:08",
            "keyStrokeInfo": "",
            "position": "4,9"
        },
        {
            "operation": "DELETE",
            "lines": 0,
            "keyStrokeTimeStamp": "Fri Apr 30 2021 18:57:08",
            "keyStrokeInfo": "",
            "position": "4,8"
        },
        {
            "operation": "DELETE",
            "lines": 0,
            "keyStrokeTimeStamp": "Fri Apr 30 2021 18:57:08",
            "keyStrokeInfo": "",
            "position": "4,7"
        },
        {
            "operation": "DELETE",
            "lines": 0,
            "keyStrokeTimeStamp": "Fri Apr 30 2021 18:57:09",
            "keyStrokeInfo": "",
            "position": "4,6"
        },
        {
            "operation": "DELETE",
            "lines": 0,
            "keyStrokeTimeStamp": "Fri Apr 30 2021 18:57:09",
            "keyStrokeInfo": "",
            "position": "4,5"
        },
        {
            "operation": "TYPED",
            "lines": 0,
            "keyStrokeTimeStamp": "Fri Apr 30 2021 18:57:10",
            "keyStrokeInfo": "g",
            "position": "4,5"
        },
        {
            "operation": "TYPED",
            "lines": 0,
            "keyStrokeTimeStamp": "Fri Apr 30 2021 18:57:10",
            "keyStrokeInfo": "r",
            "position": "4,6"
        },
        {
            "operation": "TYPED",
            "lines": 0,
            "keyStrokeTimeStamp": "Fri Apr 30 2021 18:57:10",
            "keyStrokeInfo": "e",
            "position": "4,7"
        },
        {
            "operation": "TYPED",
            "lines": 0,
            "keyStrokeTimeStamp": "Fri Apr 30 2021 18:57:10",
            "keyStrokeInfo": "e",
            "position": "4,8"
        },
        {
            "operation": "TYPED",
            "lines": 0,
            "keyStrokeTimeStamp": "Fri Apr 30 2021 18:57:10",
            "keyStrokeInfo": "n",
            "position": "4,9"
        },
        {
            "operation": "TYPED",
            "lines": 0,
            "keyStrokeTimeStamp": "Fri Apr 30 2021 18:57:11",
            "keyStrokeInfo": "y",
            "position": "4,10"
        },
        {
            "operation": "TYPED",
            "lines": 0,
            "keyStrokeTimeStamp": "Fri Apr 30 2021 18:57:11",
            "keyStrokeInfo": "e",
            "position": "4,11"
        },
        {
            "operation": "TYPED",
            "lines": 0,
            "keyStrokeTimeStamp": "Fri Apr 30 2021 18:57:11",
            "keyStrokeInfo": "l",
            "position": "4,12"
        },
        {
            "operation": "TYPED",
            "lines": 0,
            "keyStrokeTimeStamp": "Fri Apr 30 2021 18:57:11",
            "keyStrokeInfo": "l",
            "position": "4,13"
        },
        {
            "operation": "TYPED",
            "lines": 0,
            "keyStrokeTimeStamp": "Fri Apr 30 2021 18:57:12",
            "keyStrokeInfo": "o",
            "position": "4,14"
        },
        {
            "operation": "TYPED",
            "lines": 0,
            "keyStrokeTimeStamp": "Fri Apr 30 2021 18:57:12",
            "keyStrokeInfo": "w",
            "position": "4,15"
        },
        {
            "operation": "TYPED",
            "lines": 0,
            "keyStrokeTimeStamp": "Fri Apr 30 2021 18:57:12",
            "keyStrokeInfo": "\r\n    ",
            "position": "4,16"
        },
        {
            "operation": "DELETE",
            "lines": 1,
            "keyStrokeTimeStamp": "Fri Apr 30 2021 18:57:14",
            "keyStrokeInfo": "",
            "position": "4,16"
        },
        {
            "operation": "DELETE",
            "lines": 0,
            "keyStrokeTimeStamp": "Fri Apr 30 2021 18:57:17",
            "keyStrokeInfo": "",
            "position": "5,22"
        },
        {
            "operation": "DELETE",
            "lines": 0,
            "keyStrokeTimeStamp": "Fri Apr 30 2021 18:57:17",
            "keyStrokeInfo": "",
            "position": "5,21"
        },
        {
            "operation": "DELETE",
            "lines": 0,
            "keyStrokeTimeStamp": "Fri Apr 30 2021 18:57:17",
            "keyStrokeInfo": "",
            "position": "5,20"
        },
        {
            "operation": "DELETE",
            "lines": 0,
            "keyStrokeTimeStamp": "Fri Apr 30 2021 18:57:17",
            "keyStrokeInfo": "",
            "position": "5,19"
        },
        {
            "operation": "DELETE",
            "lines": 0,
            "keyStrokeTimeStamp": "Fri Apr 30 2021 18:57:17",
            "keyStrokeInfo": "",
            "position": "5,18"
        },
        {
            "operation": "DELETE",
            "lines": 0,
            "keyStrokeTimeStamp": "Fri Apr 30 2021 18:57:17",
            "keyStrokeInfo": "",
            "position": "5,17"
        },
        {
            "operation": "DELETE",
            "lines": 0,
            "keyStrokeTimeStamp": "Fri Apr 30 2021 18:57:17",
            "keyStrokeInfo": "",
            "position": "5,16"
        },
        {
            "operation": "DELETE",
            "lines": 0,
            "keyStrokeTimeStamp": "Fri Apr 30 2021 18:57:17",
            "keyStrokeInfo": "",
            "position": "5,15"
        },
        {
            "operation": "DELETE",
            "lines": 0,
            "keyStrokeTimeStamp": "Fri Apr 30 2021 18:57:17",
            "keyStrokeInfo": "",
            "position": "5,14"
        },
        {
            "operation": "DELETE",
            "lines": 0,
            "keyStrokeTimeStamp": "Fri Apr 30 2021 18:57:17",
            "keyStrokeInfo": "",
            "position": "5,13"
        },
        {
            "operation": "DELETE",
            "lines": 0,
            "keyStrokeTimeStamp": "Fri Apr 30 2021 18:57:17",
            "keyStrokeInfo": "",
            "position": "5,12"
        },
        {
            "operation": "DELETE",
            "lines": 0,
            "keyStrokeTimeStamp": "Fri Apr 30 2021 18:57:17",
            "keyStrokeInfo": "",
            "position": "5,11"
        },
        {
            "operation": "DELETE",
            "lines": 0,
            "keyStrokeTimeStamp": "Fri Apr 30 2021 18:57:17",
            "keyStrokeInfo": "",
            "position": "5,10"
        },
        {
            "operation": "DELETE",
            "lines": 0,
            "keyStrokeTimeStamp": "Fri Apr 30 2021 18:57:18",
            "keyStrokeInfo": "",
            "position": "5,9"
        },
        {
            "operation": "DELETE",
            "lines": 0,
            "keyStrokeTimeStamp": "Fri Apr 30 2021 18:57:18",
            "keyStrokeInfo": "",
            "position": "5,8"
        },
        {
            "operation": "DELETE",
            "lines": 0,
            "keyStrokeTimeStamp": "Fri Apr 30 2021 18:57:18",
            "keyStrokeInfo": "",
            "position": "5,7"
        },
        {
            "operation": "DELETE",
            "lines": 0,
            "keyStrokeTimeStamp": "Fri Apr 30 2021 18:57:18",
            "keyStrokeInfo": "",
            "position": "5,6"
        },
        {
            "operation": "DELETE",
            "lines": 0,
            "keyStrokeTimeStamp": "Fri Apr 30 2021 18:57:18",
            "keyStrokeInfo": "",
            "position": "5,5"
        },
        {
            "operation": "TYPED",
            "lines": 0,
            "keyStrokeTimeStamp": "Fri Apr 30 2021 18:57:19",
            "keyStrokeInfo": "g",
            "position": "5,5"
        },
        {
            "operation": "TYPED",
            "lines": 0,
            "keyStrokeTimeStamp": "Fri Apr 30 2021 18:57:20",
            "keyStrokeInfo": "r",
            "position": "5,6"
        },
        {
            "operation": "TYPED",
            "lines": 0,
            "keyStrokeTimeStamp": "Fri Apr 30 2021 18:57:20",
            "keyStrokeInfo": "e",
            "position": "5,7"
        },
        {
            "operation": "TYPED",
            "lines": 0,
            "keyStrokeTimeStamp": "Fri Apr 30 2021 18:57:20",
            "keyStrokeInfo": "e",
            "position": "5,8"
        },
        {
            "operation": "PASTE",
            "lines": 1,
            "keyStrokeTimeStamp": "Fri Apr 30 2021 18:57:22",
            "keyStrokeInfo": "greenyellow",
            "position": "5,5"
        },
        {
            "operation": "DELETE",
            "lines": 0,
            "keyStrokeTimeStamp": "Fri Apr 30 2021 18:57:38",
            "keyStrokeInfo": "",
            "position": "10,16"
        },
        {
            "operation": "TYPED",
            "lines": 0,
            "keyStrokeTimeStamp": "Fri Apr 30 2021 18:57:39",
            "keyStrokeInfo": "8",
            "position": "10,16"
        },
        {
            "operation": "DELETE",
            "lines": 0,
            "keyStrokeTimeStamp": "Fri Apr 30 2021 18:57:41",
            "keyStrokeInfo": "",
            "position": "11,20"
        },
        {
            "operation": "DELETE",
            "lines": 0,
            "keyStrokeTimeStamp": "Fri Apr 30 2021 18:57:41",
            "keyStrokeInfo": "",
            "position": "11,19"
        },
        {
            "operation": "TYPED",
            "lines": 0,
            "keyStrokeTimeStamp": "Fri Apr 30 2021 18:57:41",
            "keyStrokeInfo": "2",
            "position": "11,19"
        },
        {
            "operation": "TYPED",
            "lines": 0,
            "keyStrokeTimeStamp": "Fri Apr 30 2021 18:57:42",
            "keyStrokeInfo": "0",
            "position": "11,20"
        },
        {
            "operation": "DELETE",
            "lines": 0,
            "keyStrokeTimeStamp": "Fri Apr 30 2021 18:57:44",
            "keyStrokeInfo": "",
            "position": "14,42"
        },
        {
            "operation": "DELETE",
            "lines": 0,
            "keyStrokeTimeStamp": "Fri Apr 30 2021 18:57:45",
            "keyStrokeInfo": "",
            "position": "14,41"
        },
        {
            "operation": "DELETE",
            "lines": 0,
            "keyStrokeTimeStamp": "Fri Apr 30 2021 18:57:45",
            "keyStrokeInfo": "",
            "position": "14,40"
        },
        {
            "operation": "DELETE",
            "lines": 0,
            "keyStrokeTimeStamp": "Fri Apr 30 2021 18:57:45",
            "keyStrokeInfo": "",
            "position": "14,39"
        },
        {
            "operation": "DELETE",
            "lines": 0,
            "keyStrokeTimeStamp": "Fri Apr 30 2021 18:57:45",
            "keyStrokeInfo": "",
            "position": "14,38"
        },
        {
            "operation": "DELETE",
            "lines": 0,
            "keyStrokeTimeStamp": "Fri Apr 30 2021 18:57:45",
            "keyStrokeInfo": "",
            "position": "14,37"
        },
        {
            "operation": "DELETE",
            "lines": 0,
            "keyStrokeTimeStamp": "Fri Apr 30 2021 18:57:45",
            "keyStrokeInfo": "",
            "position": "14,36"
        },
        {
            "operation": "DELETE",
            "lines": 0,
            "keyStrokeTimeStamp": "Fri Apr 30 2021 18:57:45",
            "keyStrokeInfo": "",
            "position": "14,35"
        },
        {
            "operation": "DELETE",
            "lines": 0,
            "keyStrokeTimeStamp": "Fri Apr 30 2021 18:57:45",
            "keyStrokeInfo": "",
            "position": "14,34"
        },
        {
            "operation": "DELETE",
            "lines": 0,
            "keyStrokeTimeStamp": "Fri Apr 30 2021 18:57:45",
            "keyStrokeInfo": "",
            "position": "14,33"
        },
        {
            "operation": "DELETE",
            "lines": 0,
            "keyStrokeTimeStamp": "Fri Apr 30 2021 18:57:45",
            "keyStrokeInfo": "",
            "position": "14,32"
        },
        {
            "operation": "DELETE",
            "lines": 0,
            "keyStrokeTimeStamp": "Fri Apr 30 2021 18:57:45",
            "keyStrokeInfo": "",
            "position": "14,31"
        },
        {
            "operation": "DELETE",
            "lines": 0,
            "keyStrokeTimeStamp": "Fri Apr 30 2021 18:57:46",
            "keyStrokeInfo": "",
            "position": "14,30"
        },
        {
            "operation": "DELETE",
            "lines": 0,
            "keyStrokeTimeStamp": "Fri Apr 30 2021 18:57:46",
            "keyStrokeInfo": "",
            "position": "14,29"
        },
        {
            "operation": "TYPED",
            "lines": 0,
            "keyStrokeTimeStamp": "Fri Apr 30 2021 18:57:47",
            "keyStrokeInfo": "b",
            "position": "14,29"
        },
        {
            "operation": "TYPED",
            "lines": 0,
            "keyStrokeTimeStamp": "Fri Apr 30 2021 18:57:47",
            "keyStrokeInfo": "l",
            "position": "14,30"
        },
        {
            "operation": "TYPED",
            "lines": 0,
            "keyStrokeTimeStamp": "Fri Apr 30 2021 18:57:47",
            "keyStrokeInfo": "a",
            "position": "14,31"
        },
        {
            "operation": "TYPED",
            "lines": 0,
            "keyStrokeTimeStamp": "Fri Apr 30 2021 18:57:48",
            "keyStrokeInfo": "c",
            "position": "14,32"
        },
        {
            "operation": "TYPED",
            "lines": 0,
            "keyStrokeTimeStamp": "Fri Apr 30 2021 18:57:48",
            "keyStrokeInfo": "k",
            "position": "14,33"
        },
        {
            "operation": "TYPED",
            "lines": 0,
            "keyStrokeTimeStamp": "Fri Apr 30 2021 18:57:48",
            "keyStrokeInfo": "black",
            "position": "14,29"
        },
        {
            "operation": "DELETE",
            "lines": 0,
            "keyStrokeTimeStamp": "Fri Apr 30 2021 18:57:55",
            "keyStrokeInfo": "",
            "position": "24,22"
        },
        {
            "operation": "DELETE",
            "lines": 0,
            "keyStrokeTimeStamp": "Fri Apr 30 2021 18:57:55",
            "keyStrokeInfo": "",
            "position": "24,21"
        },
        {
            "operation": "DELETE",
            "lines": 0,
            "keyStrokeTimeStamp": "Fri Apr 30 2021 18:57:55",
            "keyStrokeInfo": "",
            "position": "24,20"
        },
        {
            "operation": "DELETE",
            "lines": 0,
            "keyStrokeTimeStamp": "Fri Apr 30 2021 18:57:55",
            "keyStrokeInfo": "",
            "position": "24,19"
        },
        {
            "operation": "DELETE",
            "lines": 0,
            "keyStrokeTimeStamp": "Fri Apr 30 2021 18:57:55",
            "keyStrokeInfo": "",
            "position": "24,18"
        },
        {
            "operation": "DELETE",
            "lines": 0,
            "keyStrokeTimeStamp": "Fri Apr 30 2021 18:57:55",
            "keyStrokeInfo": "",
            "position": "24,17"
        },
        {
            "operation": "DELETE",
            "lines": 0,
            "keyStrokeTimeStamp": "Fri Apr 30 2021 18:57:55",
            "keyStrokeInfo": "",
            "position": "24,16"
        },
        {
            "operation": "DELETE",
            "lines": 0,
            "keyStrokeTimeStamp": "Fri Apr 30 2021 18:57:55",
            "keyStrokeInfo": "",
            "position": "24,15"
        },
        {
            "operation": "DELETE",
            "lines": 0,
            "keyStrokeTimeStamp": "Fri Apr 30 2021 18:57:56",
            "keyStrokeInfo": "",
            "position": "24,14"
        },
        {
            "operation": "DELETE",
            "lines": 0,
            "keyStrokeTimeStamp": "Fri Apr 30 2021 18:57:56",
            "keyStrokeInfo": "",
            "position": "24,13"
        },
        {
            "operation": "DELETE",
            "lines": 0,
            "keyStrokeTimeStamp": "Fri Apr 30 2021 18:57:56",
            "keyStrokeInfo": "",
            "position": "24,12"
        },
        {
            "operation": "DELETE",
            "lines": 0,
            "keyStrokeTimeStamp": "Fri Apr 30 2021 18:57:56",
            "keyStrokeInfo": "",
            "position": "24,11"
        },
        {
            "operation": "DELETE",
            "lines": 0,
            "keyStrokeTimeStamp": "Fri Apr 30 2021 18:57:56",
            "keyStrokeInfo": "",
            "position": "24,10"
        },
        {
            "operation": "DELETE",
            "lines": 0,
            "keyStrokeTimeStamp": "Fri Apr 30 2021 18:57:56",
            "keyStrokeInfo": "",
            "position": "24,9"
        },
        {
            "operation": "DELETE",
            "lines": 0,
            "keyStrokeTimeStamp": "Fri Apr 30 2021 18:57:56",
            "keyStrokeInfo": "",
            "position": "24,8"
        },
        {
            "operation": "DELETE",
            "lines": 0,
            "keyStrokeTimeStamp": "Fri Apr 30 2021 18:57:56",
            "keyStrokeInfo": "",
            "position": "24,7"
        },
        {
            "operation": "DELETE",
            "lines": 0,
            "keyStrokeTimeStamp": "Fri Apr 30 2021 18:57:56",
            "keyStrokeInfo": "",
            "position": "24,6"
        },
        {
            "operation": "DELETE",
            "lines": 0,
            "keyStrokeTimeStamp": "Fri Apr 30 2021 18:57:56",
            "keyStrokeInfo": "",
            "position": "24,5"
        },
        {
            "operation": "TYPED",
            "lines": 0,
            "keyStrokeTimeStamp": "Fri Apr 30 2021 18:57:57",
            "keyStrokeInfo": "g",
            "position": "24,5"
        },
        {
            "operation": "TYPED",
            "lines": 0,
            "keyStrokeTimeStamp": "Fri Apr 30 2021 18:57:57",
            "keyStrokeInfo": "r",
            "position": "24,6"
        },
        {
            "operation": "TYPED",
            "lines": 0,
            "keyStrokeTimeStamp": "Fri Apr 30 2021 18:57:57",
            "keyStrokeInfo": "e",
            "position": "24,7"
        },
        {
            "operation": "TYPED",
            "lines": 0,
            "keyStrokeTimeStamp": "Fri Apr 30 2021 18:57:58",
            "keyStrokeInfo": "e",
            "position": "24,8"
        },
        {
            "operation": "PASTE",
            "lines": 1,
            "keyStrokeTimeStamp": "Fri Apr 30 2021 18:57:58",
            "keyStrokeInfo": "greenyellow",
            "position": "24,5"
        },
        {
            "operation": "DELETE",
            "lines": 0,
            "keyStrokeTimeStamp": "Fri Apr 30 2021 18:58:01",
            "keyStrokeInfo": "",
            "position": "25,22"
        },
        {
            "operation": "DELETE",
            "lines": 0,
            "keyStrokeTimeStamp": "Fri Apr 30 2021 18:58:02",
            "keyStrokeInfo": "",
            "position": "25,21"
        },
        {
            "operation": "DELETE",
            "lines": 0,
            "keyStrokeTimeStamp": "Fri Apr 30 2021 18:58:02",
            "keyStrokeInfo": "",
            "position": "25,20"
        },
        {
            "operation": "DELETE",
            "lines": 0,
            "keyStrokeTimeStamp": "Fri Apr 30 2021 18:58:02",
            "keyStrokeInfo": "",
            "position": "25,19"
        },
        {
            "operation": "DELETE",
            "lines": 0,
            "keyStrokeTimeStamp": "Fri Apr 30 2021 18:58:02",
            "keyStrokeInfo": "",
            "position": "25,18"
        },
        {
            "operation": "DELETE",
            "lines": 0,
            "keyStrokeTimeStamp": "Fri Apr 30 2021 18:58:02",
            "keyStrokeInfo": "",
            "position": "25,17"
        },
        {
            "operation": "DELETE",
            "lines": 0,
            "keyStrokeTimeStamp": "Fri Apr 30 2021 18:58:02",
            "keyStrokeInfo": "",
            "position": "25,16"
        },
        {
            "operation": "DELETE",
            "lines": 0,
            "keyStrokeTimeStamp": "Fri Apr 30 2021 18:58:02",
            "keyStrokeInfo": "",
            "position": "25,15"
        },
        {
            "operation": "DELETE",
            "lines": 0,
            "keyStrokeTimeStamp": "Fri Apr 30 2021 18:58:02",
            "keyStrokeInfo": "",
            "position": "25,14"
        },
        {
            "operation": "DELETE",
            "lines": 0,
            "keyStrokeTimeStamp": "Fri Apr 30 2021 18:58:02",
            "keyStrokeInfo": "",
            "position": "25,13"
        },
        {
            "operation": "DELETE",
            "lines": 0,
            "keyStrokeTimeStamp": "Fri Apr 30 2021 18:58:02",
            "keyStrokeInfo": "",
            "position": "25,12"
        },
        {
            "operation": "DELETE",
            "lines": 0,
            "keyStrokeTimeStamp": "Fri Apr 30 2021 18:58:02",
            "keyStrokeInfo": "",
            "position": "25,11"
        },
        {
            "operation": "DELETE",
            "lines": 0,
            "keyStrokeTimeStamp": "Fri Apr 30 2021 18:58:02",
            "keyStrokeInfo": "",
            "position": "25,10"
        },
        {
            "operation": "DELETE",
            "lines": 0,
            "keyStrokeTimeStamp": "Fri Apr 30 2021 18:58:02",
            "keyStrokeInfo": "",
            "position": "25,9"
        },
        {
            "operation": "DELETE",
            "lines": 0,
            "keyStrokeTimeStamp": "Fri Apr 30 2021 18:58:03",
            "keyStrokeInfo": "",
            "position": "25,8"
        },
        {
            "operation": "DELETE",
            "lines": 0,
            "keyStrokeTimeStamp": "Fri Apr 30 2021 18:58:03",
            "keyStrokeInfo": "",
            "position": "25,7"
        },
        {
            "operation": "DELETE",
            "lines": 0,
            "keyStrokeTimeStamp": "Fri Apr 30 2021 18:58:03",
            "keyStrokeInfo": "",
            "position": "25,6"
        },
        {
            "operation": "DELETE",
            "lines": 0,
            "keyStrokeTimeStamp": "Fri Apr 30 2021 18:58:03",
            "keyStrokeInfo": "",
            "position": "25,5"
        },
        {
            "operation": "TYPED",
            "lines": 0,
            "keyStrokeTimeStamp": "Fri Apr 30 2021 18:58:04",
            "keyStrokeInfo": "g",
            "position": "25,5"
        },
        {
            "operation": "TYPED",
            "lines": 0,
            "keyStrokeTimeStamp": "Fri Apr 30 2021 18:58:04",
            "keyStrokeInfo": "r",
            "position": "25,6"
        },
        {
            "operation": "TYPED",
            "lines": 0,
            "keyStrokeTimeStamp": "Fri Apr 30 2021 18:58:04",
            "keyStrokeInfo": "e",
            "position": "25,7"
        },
        {
            "operation": "TYPED",
            "lines": 0,
            "keyStrokeTimeStamp": "Fri Apr 30 2021 18:58:05",
            "keyStrokeInfo": "e",
            "position": "25,8"
        },
        {
            "operation": "PASTE",
            "lines": 1,
            "keyStrokeTimeStamp": "Fri Apr 30 2021 18:58:06",
            "keyStrokeInfo": "greenyellow",
            "position": "25,5"
        },
        {
            "operation": "DELETE",
            "lines": 0,
            "keyStrokeTimeStamp": "Fri Apr 30 2021 18:58:17",
            "keyStrokeInfo": "",
            "position": "34,42"
        },
        {
            "operation": "DELETE",
            "lines": 0,
            "keyStrokeTimeStamp": "Fri Apr 30 2021 18:58:18",
            "keyStrokeInfo": "",
            "position": "34,41"
        },
        {
            "operation": "DELETE",
            "lines": 0,
            "keyStrokeTimeStamp": "Fri Apr 30 2021 18:58:18",
            "keyStrokeInfo": "",
            "position": "34,40"
        },
        {
            "operation": "DELETE",
            "lines": 0,
            "keyStrokeTimeStamp": "Fri Apr 30 2021 18:58:18",
            "keyStrokeInfo": "",
            "position": "34,39"
        },
        {
            "operation": "DELETE",
            "lines": 0,
            "keyStrokeTimeStamp": "Fri Apr 30 2021 18:58:18",
            "keyStrokeInfo": "",
            "position": "34,38"
        },
        {
            "operation": "DELETE",
            "lines": 0,
            "keyStrokeTimeStamp": "Fri Apr 30 2021 18:58:18",
            "keyStrokeInfo": "",
            "position": "34,37"
        },
        {
            "operation": "DELETE",
            "lines": 0,
            "keyStrokeTimeStamp": "Fri Apr 30 2021 18:58:18",
            "keyStrokeInfo": "",
            "position": "34,36"
        },
        {
            "operation": "DELETE",
            "lines": 0,
            "keyStrokeTimeStamp": "Fri Apr 30 2021 18:58:18",
            "keyStrokeInfo": "",
            "position": "34,35"
        },
        {
            "operation": "DELETE",
            "lines": 0,
            "keyStrokeTimeStamp": "Fri Apr 30 2021 18:58:18",
            "keyStrokeInfo": "",
            "position": "34,34"
        },
        {
            "operation": "DELETE",
            "lines": 0,
            "keyStrokeTimeStamp": "Fri Apr 30 2021 18:58:18",
            "keyStrokeInfo": "",
            "position": "34,33"
        },
        {
            "operation": "DELETE",
            "lines": 0,
            "keyStrokeTimeStamp": "Fri Apr 30 2021 18:58:18",
            "keyStrokeInfo": "",
            "position": "34,32"
        },
        {
            "operation": "DELETE",
            "lines": 0,
            "keyStrokeTimeStamp": "Fri Apr 30 2021 18:58:18",
            "keyStrokeInfo": "",
            "position": "34,31"
        },
        {
            "operation": "DELETE",
            "lines": 0,
            "keyStrokeTimeStamp": "Fri Apr 30 2021 18:58:18",
            "keyStrokeInfo": "",
            "position": "34,30"
        },
        {
            "operation": "DELETE",
            "lines": 0,
            "keyStrokeTimeStamp": "Fri Apr 30 2021 18:58:19",
            "keyStrokeInfo": "",
            "position": "34,29"
        },
        {
            "operation": "DELETE",
            "lines": 0,
            "keyStrokeTimeStamp": "Fri Apr 30 2021 18:58:19",
            "keyStrokeInfo": "",
            "position": "34,28"
        },
        {
            "operation": "TYPED",
            "lines": 0,
            "keyStrokeTimeStamp": "Fri Apr 30 2021 18:58:20",
            "keyStrokeInfo": " ",
            "position": "34,28"
        },
        {
            "operation": "TYPED",
            "lines": 0,
            "keyStrokeTimeStamp": "Fri Apr 30 2021 18:58:20",
            "keyStrokeInfo": "v",
            "position": "34,29"
        },
        {
            "operation": "DELETE",
            "lines": 0,
            "keyStrokeTimeStamp": "Fri Apr 30 2021 18:58:21",
            "keyStrokeInfo": "",
            "position": "34,29"
        },
        {
            "operation": "TYPED",
            "lines": 0,
            "keyStrokeTimeStamp": "Fri Apr 30 2021 18:58:21",
            "keyStrokeInfo": "b",
            "position": "34,29"
        },
        {
            "operation": "TYPED",
            "lines": 0,
            "keyStrokeTimeStamp": "Fri Apr 30 2021 18:58:21",
            "keyStrokeInfo": "l",
            "position": "34,30"
        },
        {
            "operation": "TYPED",
            "lines": 0,
            "keyStrokeTimeStamp": "Fri Apr 30 2021 18:58:21",
            "keyStrokeInfo": "a",
            "position": "34,31"
        },
        {
            "operation": "TYPED",
            "lines": 0,
            "keyStrokeTimeStamp": "Fri Apr 30 2021 18:58:21",
            "keyStrokeInfo": "c",
            "position": "34,32"
        },
        {
            "operation": "TYPED",
            "lines": 0,
            "keyStrokeTimeStamp": "Fri Apr 30 2021 18:58:22",
            "keyStrokeInfo": "k",
            "position": "34,33"
        }
    ],
    "index1.css": [
        {
            "operation": "DELETE",
            "lines": 0,
            "keyStrokeTimeStamp": "Fri Apr 30 2021 18:59:15",
            "keyStrokeInfo": "",
            "position": "4,22"
        },
        {
            "operation": "DELETE",
            "lines": 0,
            "keyStrokeTimeStamp": "Fri Apr 30 2021 18:59:15",
            "keyStrokeInfo": "",
            "position": "4,21"
        },
        {
            "operation": "DELETE",
            "lines": 0,
            "keyStrokeTimeStamp": "Fri Apr 30 2021 18:59:15",
            "keyStrokeInfo": "",
            "position": "4,20"
        },
        {
            "operation": "DELETE",
            "lines": 0,
            "keyStrokeTimeStamp": "Fri Apr 30 2021 18:59:15",
            "keyStrokeInfo": "",
            "position": "4,19"
        },
        {
            "operation": "DELETE",
            "lines": 0,
            "keyStrokeTimeStamp": "Fri Apr 30 2021 18:59:15",
            "keyStrokeInfo": "",
            "position": "4,18"
        },
        {
            "operation": "DELETE",
            "lines": 0,
            "keyStrokeTimeStamp": "Fri Apr 30 2021 18:59:15",
            "keyStrokeInfo": "",
            "position": "4,17"
        },
        {
            "operation": "DELETE",
            "lines": 0,
            "keyStrokeTimeStamp": "Fri Apr 30 2021 18:59:15",
            "keyStrokeInfo": "",
            "position": "4,16"
        },
        {
            "operation": "DELETE",
            "lines": 0,
            "keyStrokeTimeStamp": "Fri Apr 30 2021 18:59:15",
            "keyStrokeInfo": "",
            "position": "4,15"
        },
        {
            "operation": "DELETE",
            "lines": 0,
            "keyStrokeTimeStamp": "Fri Apr 30 2021 18:59:15",
            "keyStrokeInfo": "",
            "position": "4,14"
        },
        {
            "operation": "DELETE",
            "lines": 0,
            "keyStrokeTimeStamp": "Fri Apr 30 2021 18:59:15",
            "keyStrokeInfo": "",
            "position": "4,13"
        },
        {
            "operation": "DELETE",
            "lines": 0,
            "keyStrokeTimeStamp": "Fri Apr 30 2021 18:59:15",
            "keyStrokeInfo": "",
            "position": "4,12"
        },
        {
            "operation": "DELETE",
            "lines": 0,
            "keyStrokeTimeStamp": "Fri Apr 30 2021 18:59:15",
            "keyStrokeInfo": "",
            "position": "4,11"
        },
        {
            "operation": "DELETE",
            "lines": 0,
            "keyStrokeTimeStamp": "Fri Apr 30 2021 18:59:16",
            "keyStrokeInfo": "",
            "position": "4,10"
        },
        {
            "operation": "DELETE",
            "lines": 0,
            "keyStrokeTimeStamp": "Fri Apr 30 2021 18:59:16",
            "keyStrokeInfo": "",
            "position": "4,9"
        },
        {
            "operation": "DELETE",
            "lines": 0,
            "keyStrokeTimeStamp": "Fri Apr 30 2021 18:59:16",
            "keyStrokeInfo": "",
            "position": "4,8"
        },
        {
            "operation": "DELETE",
            "lines": 0,
            "keyStrokeTimeStamp": "Fri Apr 30 2021 18:59:16",
            "keyStrokeInfo": "",
            "position": "4,7"
        },
        {
            "operation": "DELETE",
            "lines": 0,
            "keyStrokeTimeStamp": "Fri Apr 30 2021 18:59:16",
            "keyStrokeInfo": "",
            "position": "4,6"
        },
        {
            "operation": "DELETE",
            "lines": 0,
            "keyStrokeTimeStamp": "Fri Apr 30 2021 18:59:16",
            "keyStrokeInfo": "",
            "position": "4,5"
        },
        {
            "operation": "TYPED",
            "lines": 0,
            "keyStrokeTimeStamp": "Fri Apr 30 2021 18:59:17",
            "keyStrokeInfo": "g",
            "position": "4,5"
        },
        {
            "operation": "TYPED",
            "lines": 0,
            "keyStrokeTimeStamp": "Fri Apr 30 2021 18:59:17",
            "keyStrokeInfo": "r",
            "position": "4,6"
        },
        {
            "operation": "TYPED",
            "lines": 0,
            "keyStrokeTimeStamp": "Fri Apr 30 2021 18:59:17",
            "keyStrokeInfo": "e",
            "position": "4,7"
        },
        {
            "operation": "TYPED",
            "lines": 0,
            "keyStrokeTimeStamp": "Fri Apr 30 2021 18:59:18",
            "keyStrokeInfo": "e",
            "position": "4,8"
        },
        {
            "operation": "TYPED",
            "lines": 0,
            "keyStrokeTimeStamp": "Fri Apr 30 2021 18:59:18",
            "keyStrokeInfo": "n",
            "position": "4,9"
        },
        {
            "operation": "TYPED",
            "lines": 0,
            "keyStrokeTimeStamp": "Fri Apr 30 2021 18:59:19",
            "keyStrokeInfo": "y",
            "position": "4,10"
        },
        {
            "operation": "TYPED",
            "lines": 0,
            "keyStrokeTimeStamp": "Fri Apr 30 2021 18:59:19",
            "keyStrokeInfo": "e",
            "position": "4,11"
        },
        {
            "operation": "TYPED",
            "lines": 0,
            "keyStrokeTimeStamp": "Fri Apr 30 2021 18:59:19",
            "keyStrokeInfo": "l",
            "position": "4,12"
        },
        {
            "operation": "TYPED",
            "lines": 0,
            "keyStrokeTimeStamp": "Fri Apr 30 2021 18:59:19",
            "keyStrokeInfo": "l",
            "position": "4,13"
        },
        {
            "operation": "TYPED",
            "lines": 0,
            "keyStrokeTimeStamp": "Fri Apr 30 2021 18:59:19",
            "keyStrokeInfo": "o",
            "position": "4,14"
        },
        {
            "operation": "TYPED",
            "lines": 0,
            "keyStrokeTimeStamp": "Fri Apr 30 2021 18:59:19",
            "keyStrokeInfo": "w",
            "position": "4,15"
        },
        {
            "operation": "PASTE",
            "lines": 1,
            "keyStrokeTimeStamp": "Fri Apr 30 2021 18:59:20",
            "keyStrokeInfo": "greenyellow",
            "position": "4,5"
        },
        {
            "operation": "DELETE",
            "lines": 0,
            "keyStrokeTimeStamp": "Fri Apr 30 2021 18:59:22",
            "keyStrokeInfo": "",
            "position": "5,22"
        },
        {
            "operation": "DELETE",
            "lines": 0,
            "keyStrokeTimeStamp": "Fri Apr 30 2021 18:59:22",
            "keyStrokeInfo": "",
            "position": "5,21"
        },
        {
            "operation": "DELETE",
            "lines": 0,
            "keyStrokeTimeStamp": "Fri Apr 30 2021 18:59:22",
            "keyStrokeInfo": "",
            "position": "5,20"
        },
        {
            "operation": "DELETE",
            "lines": 0,
            "keyStrokeTimeStamp": "Fri Apr 30 2021 18:59:22",
            "keyStrokeInfo": "",
            "position": "5,19"
        },
        {
            "operation": "DELETE",
            "lines": 0,
            "keyStrokeTimeStamp": "Fri Apr 30 2021 18:59:22",
            "keyStrokeInfo": "",
            "position": "5,18"
        },
        {
            "operation": "DELETE",
            "lines": 0,
            "keyStrokeTimeStamp": "Fri Apr 30 2021 18:59:22",
            "keyStrokeInfo": "",
            "position": "5,17"
        },
        {
            "operation": "DELETE",
            "lines": 0,
            "keyStrokeTimeStamp": "Fri Apr 30 2021 18:59:22",
            "keyStrokeInfo": "",
            "position": "5,16"
        },
        {
            "operation": "DELETE",
            "lines": 0,
            "keyStrokeTimeStamp": "Fri Apr 30 2021 18:59:22",
            "keyStrokeInfo": "",
            "position": "5,15"
        },
        {
            "operation": "DELETE",
            "lines": 0,
            "keyStrokeTimeStamp": "Fri Apr 30 2021 18:59:22",
            "keyStrokeInfo": "",
            "position": "5,14"
        },
        {
            "operation": "DELETE",
            "lines": 0,
            "keyStrokeTimeStamp": "Fri Apr 30 2021 18:59:22",
            "keyStrokeInfo": "",
            "position": "5,13"
        },
        {
            "operation": "DELETE",
            "lines": 0,
            "keyStrokeTimeStamp": "Fri Apr 30 2021 18:59:22",
            "keyStrokeInfo": "",
            "position": "5,12"
        },
        {
            "operation": "DELETE",
            "lines": 0,
            "keyStrokeTimeStamp": "Fri Apr 30 2021 18:59:23",
            "keyStrokeInfo": "",
            "position": "5,11"
        },
        {
            "operation": "DELETE",
            "lines": 0,
            "keyStrokeTimeStamp": "Fri Apr 30 2021 18:59:23",
            "keyStrokeInfo": "",
            "position": "5,10"
        },
        {
            "operation": "DELETE",
            "lines": 0,
            "keyStrokeTimeStamp": "Fri Apr 30 2021 18:59:23",
            "keyStrokeInfo": "",
            "position": "5,9"
        },
        {
            "operation": "DELETE",
            "lines": 0,
            "keyStrokeTimeStamp": "Fri Apr 30 2021 18:59:23",
            "keyStrokeInfo": "",
            "position": "5,8"
        },
        {
            "operation": "DELETE",
            "lines": 0,
            "keyStrokeTimeStamp": "Fri Apr 30 2021 18:59:23",
            "keyStrokeInfo": "",
            "position": "5,7"
        },
        {
            "operation": "DELETE",
            "lines": 0,
            "keyStrokeTimeStamp": "Fri Apr 30 2021 18:59:24",
            "keyStrokeInfo": "",
            "position": "5,6"
        },
        {
            "operation": "DELETE",
            "lines": 0,
            "keyStrokeTimeStamp": "Fri Apr 30 2021 18:59:24",
            "keyStrokeInfo": "",
            "position": "5,5"
        },
        {
            "operation": "TYPED",
            "lines": 0,
            "keyStrokeTimeStamp": "Fri Apr 30 2021 18:59:24",
            "keyStrokeInfo": "g",
            "position": "5,5"
        },
        {
            "operation": "TYPED",
            "lines": 0,
            "keyStrokeTimeStamp": "Fri Apr 30 2021 18:59:25",
            "keyStrokeInfo": "r",
            "position": "5,6"
        },
        {
            "operation": "TYPED",
            "lines": 0,
            "keyStrokeTimeStamp": "Fri Apr 30 2021 18:59:25",
            "keyStrokeInfo": "e",
            "position": "5,7"
        },
        {
            "operation": "TYPED",
            "lines": 0,
            "keyStrokeTimeStamp": "Fri Apr 30 2021 18:59:25",
            "keyStrokeInfo": "e",
            "position": "5,8"
        },
        {
            "operation": "TYPED",
            "lines": 0,
            "keyStrokeTimeStamp": "Fri Apr 30 2021 18:59:25",
            "keyStrokeInfo": "n",
            "position": "5,9"
        },
        {
            "operation": "TYPED",
            "lines": 0,
            "keyStrokeTimeStamp": "Fri Apr 30 2021 18:59:25",
            "keyStrokeInfo": "y",
            "position": "5,10"
        },
        {
            "operation": "TYPED",
            "lines": 0,
            "keyStrokeTimeStamp": "Fri Apr 30 2021 18:59:26",
            "keyStrokeInfo": "e",
            "position": "5,11"
        },
        {
            "operation": "TYPED",
            "lines": 0,
            "keyStrokeTimeStamp": "Fri Apr 30 2021 18:59:26",
            "keyStrokeInfo": "l",
            "position": "5,12"
        },
        {
            "operation": "TYPED",
            "lines": 0,
            "keyStrokeTimeStamp": "Fri Apr 30 2021 18:59:26",
            "keyStrokeInfo": "l",
            "position": "5,13"
        },
        {
            "operation": "TYPED",
            "lines": 0,
            "keyStrokeTimeStamp": "Fri Apr 30 2021 18:59:26",
            "keyStrokeInfo": "o",
            "position": "5,14"
        },
        {
            "operation": "TYPED",
            "lines": 0,
            "keyStrokeTimeStamp": "Fri Apr 30 2021 18:59:26",
            "keyStrokeInfo": "w",
            "position": "5,15"
        },
        {
            "operation": "PASTE",
            "lines": 1,
            "keyStrokeTimeStamp": "Fri Apr 30 2021 18:59:27",
            "keyStrokeInfo": "greenyellow",
            "position": "5,5"
        }
    ]
}