{
    "player.js": [
        {
            "operation": "PASTE",
            "lines": 13,
            "keyStrokeTimeStamp": "Fri Apr 30 2021 18:27:34",
            "keyStrokeInfo": "        <label1 for = \"player1\" >Player1: <input type = \"text\" id = \"player1\" placeholder = \"enter player 1 name\" autofocus/></label1><br/>\r\n        <label1 for = \"player1\">Colour <select id=\"colour\" name=\"colour\">\r\n                    <option value=\"australia\">red</option>\r\n                    <option value=\"canada\">yellow</option>\r\n                    <option value=\"usa\">pink</option>\r\n                  </select></label1><br/>\r\n        \r\n        <div class = \"input-control-1\">\r\n        <label1 for = \"player2\">Player2: <input type = \"text\" id = \"player2\" placeholder = \"enter player 2 name\" autofocus/></label1><br/>\r\n        <label1 for = \"player1\">Colour <select id=\"colour\" name=\"colour\">\r\n                    <option value=\"australia\">red</option>\r\n                    <option value=\"canada\">yellow</option>\r\n                    <option value=\"usa\">pink</option>\r\n",
            "position": "7,1"
        },
        {
            "operation": "TYPED",
            "lines": 0,
            "keyStrokeTimeStamp": "Fri Apr 30 2021 18:51:48",
            "keyStrokeInfo": "0",
            "position": "7,108"
        },
        {
            "operation": "DELETE",
            "lines": 0,
            "keyStrokeTimeStamp": "Fri Apr 30 2021 18:51:49",
            "keyStrokeInfo": "",
            "position": "7,109"
        },
        {
            "operation": "DELETE",
            "lines": 0,
            "keyStrokeTimeStamp": "Fri Apr 30 2021 18:51:50",
            "keyStrokeInfo": "",
            "position": "7,108"
        },
        {
            "operation": "DELETE",
            "lines": 0,
            "keyStrokeTimeStamp": "Fri Apr 30 2021 18:51:50",
            "keyStrokeInfo": "",
            "position": "7,107"
        },
        {
            "operation": "DELETE",
            "lines": 0,
            "keyStrokeTimeStamp": "Fri Apr 30 2021 18:51:51",
            "keyStrokeInfo": "",
            "position": "7,106"
        },
        {
            "operation": "DELETE",
            "lines": 0,
            "keyStrokeTimeStamp": "Fri Apr 30 2021 18:51:51",
            "keyStrokeInfo": "",
            "position": "7,105"
        },
        {
            "operation": "DELETE",
            "lines": 0,
            "keyStrokeTimeStamp": "Fri Apr 30 2021 18:51:51",
            "keyStrokeInfo": "",
            "position": "7,104"
        },
        {
            "operation": "DELETE",
            "lines": 0,
            "keyStrokeTimeStamp": "Fri Apr 30 2021 18:51:51",
            "keyStrokeInfo": "",
            "position": "7,103"
        },
        {
            "operation": "DELETE",
            "lines": 0,
            "keyStrokeTimeStamp": "Fri Apr 30 2021 18:51:51",
            "keyStrokeInfo": "",
            "position": "7,102"
        },
        {
            "operation": "DELETE",
            "lines": 0,
            "keyStrokeTimeStamp": "Fri Apr 30 2021 18:51:51",
            "keyStrokeInfo": "",
            "position": "7,101"
        },
        {
            "operation": "DELETE",
            "lines": 0,
            "keyStrokeTimeStamp": "Fri Apr 30 2021 18:51:51",
            "keyStrokeInfo": "",
            "position": "7,100"
        },
        {
            "operation": "TYPED",
            "lines": 0,
            "keyStrokeTimeStamp": "Fri Apr 30 2021 18:51:52",
            "keyStrokeInfo": "y",
            "position": "7,100"
        },
        {
            "operation": "DELETE",
            "lines": 0,
            "keyStrokeTimeStamp": "Fri Apr 30 2021 18:51:53",
            "keyStrokeInfo": "",
            "position": "7,100"
        },
        {
            "operation": "TYPED",
            "lines": 0,
            "keyStrokeTimeStamp": "Fri Apr 30 2021 18:51:54",
            "keyStrokeInfo": "t",
            "position": "7,100"
        },
        {
            "operation": "TYPED",
            "lines": 0,
            "keyStrokeTimeStamp": "Fri Apr 30 2021 18:51:54",
            "keyStrokeInfo": "h",
            "position": "7,101"
        },
        {
            "operation": "TYPED",
            "lines": 0,
            "keyStrokeTimeStamp": "Fri Apr 30 2021 18:51:54",
            "keyStrokeInfo": "e",
            "position": "7,102"
        },
        {
            "operation": "TYPED",
            "lines": 0,
            "keyStrokeTimeStamp": "Fri Apr 30 2021 18:51:55",
            "keyStrokeInfo": " ",
            "position": "7,103"
        },
        {
            "operation": "TYPED",
            "lines": 0,
            "keyStrokeTimeStamp": "Fri Apr 30 2021 18:51:57",
            "keyStrokeInfo": " ",
            "position": "7,108"
        },
        {
            "operation": "TYPED",
            "lines": 0,
            "keyStrokeTimeStamp": "Fri Apr 30 2021 18:51:58",
            "keyStrokeInfo": "o",
            "position": "7,109"
        },
        {
            "operation": "TYPED",
            "lines": 0,
            "keyStrokeTimeStamp": "Fri Apr 30 2021 18:51:58",
            "keyStrokeInfo": "f",
            "position": "7,110"
        },
        {
            "operation": "TYPED",
            "lines": 0,
            "keyStrokeTimeStamp": "Fri Apr 30 2021 18:51:58",
            "keyStrokeInfo": " ",
            "position": "7,111"
        },
        {
            "operation": "TYPED",
            "lines": 0,
            "keyStrokeTimeStamp": "Fri Apr 30 2021 18:51:59",
            "keyStrokeInfo": "p",
            "position": "7,112"
        },
        {
            "operation": "TYPED",
            "lines": 0,
            "keyStrokeTimeStamp": "Fri Apr 30 2021 18:51:59",
            "keyStrokeInfo": "l",
            "position": "7,113"
        },
        {
            "operation": "TYPED",
            "lines": 0,
            "keyStrokeTimeStamp": "Fri Apr 30 2021 18:51:59",
            "keyStrokeInfo": "a",
            "position": "7,114"
        },
        {
            "operation": "TYPED",
            "lines": 0,
            "keyStrokeTimeStamp": "Fri Apr 30 2021 18:51:59",
            "keyStrokeInfo": "y",
            "position": "7,115"
        },
        {
            "operation": "TYPED",
            "lines": 0,
            "keyStrokeTimeStamp": "Fri Apr 30 2021 18:52:00",
            "keyStrokeInfo": "e",
            "position": "7,116"
        },
        {
            "operation": "TYPED",
            "lines": 0,
            "keyStrokeTimeStamp": "Fri Apr 30 2021 18:52:00",
            "keyStrokeInfo": "r",
            "position": "7,117"
        },
        {
            "operation": "TYPED",
            "lines": 0,
            "keyStrokeTimeStamp": "Fri Apr 30 2021 18:52:00",
            "keyStrokeInfo": "1",
            "position": "7,118"
        },
        {
            "operation": "DELETE",
            "lines": 0,
            "keyStrokeTimeStamp": "Fri Apr 30 2021 18:52:04",
            "keyStrokeInfo": "",
            "position": "15,107"
        },
        {
            "operation": "DELETE",
            "lines": 0,
            "keyStrokeTimeStamp": "Fri Apr 30 2021 18:52:05",
            "keyStrokeInfo": "",
            "position": "15,106"
        },
        {
            "operation": "DELETE",
            "lines": 0,
            "keyStrokeTimeStamp": "Fri Apr 30 2021 18:52:05",
            "keyStrokeInfo": "",
            "position": "15,105"
        },
        {
            "operation": "DELETE",
            "lines": 0,
            "keyStrokeTimeStamp": "Fri Apr 30 2021 18:52:05",
            "keyStrokeInfo": "",
            "position": "15,104"
        },
        {
            "operation": "DELETE",
            "lines": 0,
            "keyStrokeTimeStamp": "Fri Apr 30 2021 18:52:05",
            "keyStrokeInfo": "",
            "position": "15,103"
        },
        {
            "operation": "DELETE",
            "lines": 0,
            "keyStrokeTimeStamp": "Fri Apr 30 2021 18:52:05",
            "keyStrokeInfo": "",
            "position": "15,102"
        },
        {
            "operation": "DELETE",
            "lines": 0,
            "keyStrokeTimeStamp": "Fri Apr 30 2021 18:52:05",
            "keyStrokeInfo": "",
            "position": "15,101"
        },
        {
            "operation": "DELETE",
            "lines": 0,
            "keyStrokeTimeStamp": "Fri Apr 30 2021 18:52:05",
            "keyStrokeInfo": "",
            "position": "15,100"
        },
        {
            "operation": "DELETE",
            "lines": 0,
            "keyStrokeTimeStamp": "Fri Apr 30 2021 18:52:05",
            "keyStrokeInfo": "",
            "position": "15,99"
        },
        {
            "operation": "TYPED",
            "lines": 0,
            "keyStrokeTimeStamp": "Fri Apr 30 2021 18:52:06",
            "keyStrokeInfo": "t",
            "position": "15,99"
        },
        {
            "operation": "TYPED",
            "lines": 0,
            "keyStrokeTimeStamp": "Fri Apr 30 2021 18:52:06",
            "keyStrokeInfo": "h",
            "position": "15,100"
        },
        {
            "operation": "TYPED",
            "lines": 0,
            "keyStrokeTimeStamp": "Fri Apr 30 2021 18:52:07",
            "keyStrokeInfo": "e",
            "position": "15,101"
        },
        {
            "operation": "TYPED",
            "lines": 0,
            "keyStrokeTimeStamp": "Fri Apr 30 2021 18:52:07",
            "keyStrokeInfo": " ",
            "position": "15,102"
        },
        {
            "operation": "TYPED",
            "lines": 0,
            "keyStrokeTimeStamp": "Fri Apr 30 2021 18:52:09",
            "keyStrokeInfo": " ",
            "position": "15,107"
        },
        {
            "operation": "TYPED",
            "lines": 0,
            "keyStrokeTimeStamp": "Fri Apr 30 2021 18:52:10",
            "keyStrokeInfo": "o",
            "position": "15,108"
        },
        {
            "operation": "TYPED",
            "lines": 0,
            "keyStrokeTimeStamp": "Fri Apr 30 2021 18:52:10",
            "keyStrokeInfo": "f",
            "position": "15,109"
        },
        {
            "operation": "TYPED",
            "lines": 0,
            "keyStrokeTimeStamp": "Fri Apr 30 2021 18:52:10",
            "keyStrokeInfo": " ",
            "position": "15,110"
        },
        {
            "operation": "TYPED",
            "lines": 0,
            "keyStrokeTimeStamp": "Fri Apr 30 2021 18:52:10",
            "keyStrokeInfo": "p",
            "position": "15,111"
        },
        {
            "operation": "TYPED",
            "lines": 0,
            "keyStrokeTimeStamp": "Fri Apr 30 2021 18:52:10",
            "keyStrokeInfo": "l",
            "position": "15,112"
        },
        {
            "operation": "TYPED",
            "lines": 0,
            "keyStrokeTimeStamp": "Fri Apr 30 2021 18:52:10",
            "keyStrokeInfo": "a",
            "position": "15,113"
        },
        {
            "operation": "TYPED",
            "lines": 0,
            "keyStrokeTimeStamp": "Fri Apr 30 2021 18:52:11",
            "keyStrokeInfo": "y",
            "position": "15,114"
        },
        {
            "operation": "TYPED",
            "lines": 0,
            "keyStrokeTimeStamp": "Fri Apr 30 2021 18:52:11",
            "keyStrokeInfo": "e",
            "position": "15,115"
        },
        {
            "operation": "TYPED",
            "lines": 0,
            "keyStrokeTimeStamp": "Fri Apr 30 2021 18:52:11",
            "keyStrokeInfo": "r",
            "position": "15,116"
        },
        {
            "operation": "TYPED",
            "lines": 0,
            "keyStrokeTimeStamp": "Fri Apr 30 2021 18:52:11",
            "keyStrokeInfo": " ",
            "position": "15,117"
        },
        {
            "operation": "TYPED",
            "lines": 0,
            "keyStrokeTimeStamp": "Fri Apr 30 2021 18:52:12",
            "keyStrokeInfo": "2",
            "position": "15,118"
        },
        {
            "operation": "DELETE",
            "lines": 0,
            "keyStrokeTimeStamp": "Fri Apr 30 2021 18:52:20",
            "keyStrokeInfo": "",
            "position": "7,39"
        },
        {
            "operation": "DELETE",
            "lines": 0,
            "keyStrokeTimeStamp": "Fri Apr 30 2021 18:52:20",
            "keyStrokeInfo": "",
            "position": "7,38"
        },
        {
            "operation": "DELETE",
            "lines": 0,
            "keyStrokeTimeStamp": "Fri Apr 30 2021 18:52:20",
            "keyStrokeInfo": "",
            "position": "7,37"
        },
        {
            "operation": "DELETE",
            "lines": 0,
            "keyStrokeTimeStamp": "Fri Apr 30 2021 18:52:20",
            "keyStrokeInfo": "",
            "position": "7,36"
        },
        {
            "operation": "DELETE",
            "lines": 0,
            "keyStrokeTimeStamp": "Fri Apr 30 2021 18:52:21",
            "keyStrokeInfo": "",
            "position": "7,35"
        },
        {
            "operation": "DELETE",
            "lines": 0,
            "keyStrokeTimeStamp": "Fri Apr 30 2021 18:52:25",
            "keyStrokeInfo": "",
            "position": "9,49"
        },
        {
            "operation": "DELETE",
            "lines": 0,
            "keyStrokeTimeStamp": "Fri Apr 30 2021 18:52:25",
            "keyStrokeInfo": "",
            "position": "9,48"
        },
        {
            "operation": "DELETE",
            "lines": 0,
            "keyStrokeTimeStamp": "Fri Apr 30 2021 18:52:25",
            "keyStrokeInfo": "",
            "position": "9,47"
        },
        {
            "operation": "TYPED",
            "lines": 0,
            "keyStrokeTimeStamp": "Fri Apr 30 2021 18:52:26",
            "keyStrokeInfo": "s",
            "position": "9,47"
        },
        {
            "operation": "TYPED",
            "lines": 0,
            "keyStrokeTimeStamp": "Fri Apr 30 2021 18:52:26",
            "keyStrokeInfo": "b",
            "position": "9,48"
        },
        {
            "operation": "TYPED",
            "lines": 0,
            "keyStrokeTimeStamp": "Fri Apr 30 2021 18:52:27",
            "keyStrokeInfo": "l",
            "position": "9,49"
        },
        {
            "operation": "TYPED",
            "lines": 0,
            "keyStrokeTimeStamp": "Fri Apr 30 2021 18:52:27",
            "keyStrokeInfo": "u",
            "position": "9,50"
        },
        {
            "operation": "TYPED",
            "lines": 0,
            "keyStrokeTimeStamp": "Fri Apr 30 2021 18:52:27",
            "keyStrokeInfo": "e",
            "position": "9,51"
        },
        {
            "operation": "DELETE",
            "lines": 0,
            "keyStrokeTimeStamp": "Fri Apr 30 2021 18:52:30",
            "keyStrokeInfo": "",
            "position": "9,47"
        },
        {
            "operation": "DELETE",
            "lines": 0,
            "keyStrokeTimeStamp": "Fri Apr 30 2021 18:52:32",
            "keyStrokeInfo": "",
            "position": "10,49"
        },
        {
            "operation": "DELETE",
            "lines": 0,
            "keyStrokeTimeStamp": "Fri Apr 30 2021 18:52:32",
            "keyStrokeInfo": "",
            "position": "10,48"
        },
        {
            "operation": "DELETE",
            "lines": 0,
            "keyStrokeTimeStamp": "Fri Apr 30 2021 18:52:32",
            "keyStrokeInfo": "",
            "position": "10,47"
        },
        {
            "operation": "DELETE",
            "lines": 0,
            "keyStrokeTimeStamp": "Fri Apr 30 2021 18:52:33",
            "keyStrokeInfo": "",
            "position": "10,46"
        },
        {
            "operation": "DELETE",
            "lines": 0,
            "keyStrokeTimeStamp": "Fri Apr 30 2021 18:52:33",
            "keyStrokeInfo": "",
            "position": "10,45"
        },
        {
            "operation": "DELETE",
            "lines": 0,
            "keyStrokeTimeStamp": "Fri Apr 30 2021 18:52:33",
            "keyStrokeInfo": "",
            "position": "10,44"
        },
        {
            "operation": "TYPED",
            "lines": 0,
            "keyStrokeTimeStamp": "Fri Apr 30 2021 18:52:34",
            "keyStrokeInfo": "g",
            "position": "10,44"
        },
        {
            "operation": "TYPED",
            "lines": 0,
            "keyStrokeTimeStamp": "Fri Apr 30 2021 18:52:34",
            "keyStrokeInfo": "r",
            "position": "10,45"
        },
        {
            "operation": "TYPED",
            "lines": 0,
            "keyStrokeTimeStamp": "Fri Apr 30 2021 18:52:35",
            "keyStrokeInfo": "e",
            "position": "10,46"
        },
        {
            "operation": "TYPED",
            "lines": 0,
            "keyStrokeTimeStamp": "Fri Apr 30 2021 18:52:35",
            "keyStrokeInfo": "e",
            "position": "10,47"
        },
        {
            "operation": "TYPED",
            "lines": 0,
            "keyStrokeTimeStamp": "Fri Apr 30 2021 18:52:35",
            "keyStrokeInfo": "n",
            "position": "10,48"
        },
        {
            "operation": "DELETE",
            "lines": 0,
            "keyStrokeTimeStamp": "Fri Apr 30 2021 18:52:38",
            "keyStrokeInfo": "",
            "position": "11,44"
        },
        {
            "operation": "DELETE",
            "lines": 0,
            "keyStrokeTimeStamp": "Fri Apr 30 2021 18:52:38",
            "keyStrokeInfo": "",
            "position": "11,43"
        },
        {
            "operation": "DELETE",
            "lines": 0,
            "keyStrokeTimeStamp": "Fri Apr 30 2021 18:52:38",
            "keyStrokeInfo": "",
            "position": "11,42"
        },
        {
            "operation": "DELETE",
            "lines": 0,
            "keyStrokeTimeStamp": "Fri Apr 30 2021 18:52:38",
            "keyStrokeInfo": "",
            "position": "11,41"
        },
        {
            "operation": "TYPED",
            "lines": 0,
            "keyStrokeTimeStamp": "Fri Apr 30 2021 18:52:39",
            "keyStrokeInfo": "y",
            "position": "11,41"
        },
        {
            "operation": "TYPED",
            "lines": 0,
            "keyStrokeTimeStamp": "Fri Apr 30 2021 18:52:39",
            "keyStrokeInfo": "e",
            "position": "11,42"
        },
        {
            "operation": "TYPED",
            "lines": 0,
            "keyStrokeTimeStamp": "Fri Apr 30 2021 18:52:39",
            "keyStrokeInfo": "l",
            "position": "11,43"
        },
        {
            "operation": "TYPED",
            "lines": 0,
            "keyStrokeTimeStamp": "Fri Apr 30 2021 18:52:39",
            "keyStrokeInfo": "l",
            "position": "11,44"
        },
        {
            "operation": "TYPED",
            "lines": 0,
            "keyStrokeTimeStamp": "Fri Apr 30 2021 18:52:39",
            "keyStrokeInfo": "o",
            "position": "11,45"
        },
        {
            "operation": "TYPED",
            "lines": 0,
            "keyStrokeTimeStamp": "Fri Apr 30 2021 18:52:40",
            "keyStrokeInfo": "w",
            "position": "11,46"
        },
        {
            "operation": "DELETE",
            "lines": 0,
            "keyStrokeTimeStamp": "Fri Apr 30 2021 18:52:46",
            "keyStrokeInfo": "",
            "position": "15,38"
        },
        {
            "operation": "DELETE",
            "lines": 0,
            "keyStrokeTimeStamp": "Fri Apr 30 2021 18:52:47",
            "keyStrokeInfo": "",
            "position": "15,37"
        },
        {
            "operation": "DELETE",
            "lines": 0,
            "keyStrokeTimeStamp": "Fri Apr 30 2021 18:52:47",
            "keyStrokeInfo": "",
            "position": "15,36"
        },
        {
            "operation": "DELETE",
            "lines": 0,
            "keyStrokeTimeStamp": "Fri Apr 30 2021 18:52:47",
            "keyStrokeInfo": "",
            "position": "15,35"
        },
        {
            "operation": "DELETE",
            "lines": 0,
            "keyStrokeTimeStamp": "Fri Apr 30 2021 18:52:47",
            "keyStrokeInfo": "",
            "position": "15,34"
        },
        {
            "operation": "DELETE",
            "lines": 0,
            "keyStrokeTimeStamp": "Fri Apr 30 2021 18:52:50",
            "keyStrokeInfo": "",
            "position": "17,49"
        },
        {
            "operation": "DELETE",
            "lines": 0,
            "keyStrokeTimeStamp": "Fri Apr 30 2021 18:52:50",
            "keyStrokeInfo": "",
            "position": "17,48"
        },
        {
            "operation": "DELETE",
            "lines": 0,
            "keyStrokeTimeStamp": "Fri Apr 30 2021 18:52:50",
            "keyStrokeInfo": "",
            "position": "17,47"
        },
        {
            "operation": "TYPED",
            "lines": 0,
            "keyStrokeTimeStamp": "Fri Apr 30 2021 18:52:51",
            "keyStrokeInfo": "b",
            "position": "17,47"
        },
        {
            "operation": "TYPED",
            "lines": 0,
            "keyStrokeTimeStamp": "Fri Apr 30 2021 18:52:51",
            "keyStrokeInfo": "l",
            "position": "17,48"
        },
        {
            "operation": "TYPED",
            "lines": 0,
            "keyStrokeTimeStamp": "Fri Apr 30 2021 18:52:52",
            "keyStrokeInfo": "u",
            "position": "17,49"
        },
        {
            "operation": "TYPED",
            "lines": 0,
            "keyStrokeTimeStamp": "Fri Apr 30 2021 18:52:52",
            "keyStrokeInfo": "e",
            "position": "17,50"
        },
        {
            "operation": "TYPED",
            "lines": 0,
            "keyStrokeTimeStamp": "Fri Apr 30 2021 18:52:53",
            "keyStrokeInfo": "blue",
            "position": "17,47"
        },
        {
            "operation": "DELETE",
            "lines": 0,
            "keyStrokeTimeStamp": "Fri Apr 30 2021 18:52:54",
            "keyStrokeInfo": "",
            "position": "18,49"
        },
        {
            "operation": "DELETE",
            "lines": 0,
            "keyStrokeTimeStamp": "Fri Apr 30 2021 18:52:55",
            "keyStrokeInfo": "",
            "position": "18,48"
        },
        {
            "operation": "DELETE",
            "lines": 0,
            "keyStrokeTimeStamp": "Fri Apr 30 2021 18:52:55",
            "keyStrokeInfo": "",
            "position": "18,47"
        },
        {
            "operation": "DELETE",
            "lines": 0,
            "keyStrokeTimeStamp": "Fri Apr 30 2021 18:52:55",
            "keyStrokeInfo": "",
            "position": "18,46"
        },
        {
            "operation": "DELETE",
            "lines": 0,
            "keyStrokeTimeStamp": "Fri Apr 30 2021 18:52:55",
            "keyStrokeInfo": "",
            "position": "18,45"
        },
        {
            "operation": "DELETE",
            "lines": 0,
            "keyStrokeTimeStamp": "Fri Apr 30 2021 18:52:56",
            "keyStrokeInfo": "",
            "position": "18,44"
        },
        {
            "operation": "TYPED",
            "lines": 0,
            "keyStrokeTimeStamp": "Fri Apr 30 2021 18:52:56",
            "keyStrokeInfo": "g",
            "position": "18,44"
        },
        {
            "operation": "TYPED",
            "lines": 0,
            "keyStrokeTimeStamp": "Fri Apr 30 2021 18:52:56",
            "keyStrokeInfo": "r",
            "position": "18,45"
        },
        {
            "operation": "TYPED",
            "lines": 0,
            "keyStrokeTimeStamp": "Fri Apr 30 2021 18:52:57",
            "keyStrokeInfo": "e",
            "position": "18,46"
        },
        {
            "operation": "TYPED",
            "lines": 0,
            "keyStrokeTimeStamp": "Fri Apr 30 2021 18:52:57",
            "keyStrokeInfo": "e",
            "position": "18,47"
        },
        {
            "operation": "TYPED",
            "lines": 0,
            "keyStrokeTimeStamp": "Fri Apr 30 2021 18:52:57",
            "keyStrokeInfo": "n",
            "position": "18,48"
        },
        {
            "operation": "TYPED",
            "lines": 0,
            "keyStrokeTimeStamp": "Fri Apr 30 2021 18:52:58",
            "keyStrokeInfo": "green",
            "position": "18,44"
        },
        {
            "operation": "DELETE",
            "lines": 0,
            "keyStrokeTimeStamp": "Fri Apr 30 2021 18:53:00",
            "keyStrokeInfo": "",
            "position": "19,44"
        },
        {
            "operation": "DELETE",
            "lines": 0,
            "keyStrokeTimeStamp": "Fri Apr 30 2021 18:53:00",
            "keyStrokeInfo": "",
            "position": "19,43"
        },
        {
            "operation": "DELETE",
            "lines": 0,
            "keyStrokeTimeStamp": "Fri Apr 30 2021 18:53:00",
            "keyStrokeInfo": "",
            "position": "19,42"
        },
        {
            "operation": "DELETE",
            "lines": 0,
            "keyStrokeTimeStamp": "Fri Apr 30 2021 18:53:00",
            "keyStrokeInfo": "",
            "position": "19,41"
        },
        {
            "operation": "TYPED",
            "lines": 0,
            "keyStrokeTimeStamp": "Fri Apr 30 2021 18:53:01",
            "keyStrokeInfo": "y",
            "position": "19,41"
        },
        {
            "operation": "TYPED",
            "lines": 0,
            "keyStrokeTimeStamp": "Fri Apr 30 2021 18:53:01",
            "keyStrokeInfo": "e",
            "position": "19,42"
        },
        {
            "operation": "TYPED",
            "lines": 0,
            "keyStrokeTimeStamp": "Fri Apr 30 2021 18:53:01",
            "keyStrokeInfo": "l",
            "position": "19,43"
        },
        {
            "operation": "TYPED",
            "lines": 0,
            "keyStrokeTimeStamp": "Fri Apr 30 2021 18:53:01",
            "keyStrokeInfo": "l",
            "position": "19,44"
        },
        {
            "operation": "TYPED",
            "lines": 0,
            "keyStrokeTimeStamp": "Fri Apr 30 2021 18:53:02",
            "keyStrokeInfo": "o",
            "position": "19,45"
        },
        {
            "operation": "TYPED",
            "lines": 0,
            "keyStrokeTimeStamp": "Fri Apr 30 2021 18:53:02",
            "keyStrokeInfo": "w",
            "position": "19,46"
        },
        {
            "operation": "TYPED",
            "lines": 0,
            "keyStrokeTimeStamp": "Fri Apr 30 2021 18:53:03",
            "keyStrokeInfo": "yellow",
            "position": "19,41"
        }
    ],
    "App.css": [
        {
            "operation": "DELETE",
            "lines": 0,
            "keyStrokeTimeStamp": "Fri Apr 30 2021 18:46:42",
            "keyStrokeInfo": "",
            "position": "85,23"
        },
        {
            "operation": "DELETE",
            "lines": 0,
            "keyStrokeTimeStamp": "Fri Apr 30 2021 18:46:42",
            "keyStrokeInfo": "",
            "position": "85,22"
        },
        {
            "operation": "DELETE",
            "lines": 0,
            "keyStrokeTimeStamp": "Fri Apr 30 2021 18:46:42",
            "keyStrokeInfo": "",
            "position": "85,21"
        },
        {
            "operation": "TYPED",
            "lines": 0,
            "keyStrokeTimeStamp": "Fri Apr 30 2021 18:46:42",
            "keyStrokeInfo": "b",
            "position": "85,21"
        },
        {
            "operation": "TYPED",
            "lines": 0,
            "keyStrokeTimeStamp": "Fri Apr 30 2021 18:46:42",
            "keyStrokeInfo": "l",
            "position": "85,22"
        },
        {
            "operation": "TYPED",
            "lines": 0,
            "keyStrokeTimeStamp": "Fri Apr 30 2021 18:46:42",
            "keyStrokeInfo": "u",
            "position": "85,23"
        },
        {
            "operation": "TYPED",
            "lines": 0,
            "keyStrokeTimeStamp": "Fri Apr 30 2021 18:46:42",
            "keyStrokeInfo": "e",
            "position": "85,24"
        },
        {
            "operation": "DELETE",
            "lines": 0,
            "keyStrokeTimeStamp": "Fri Apr 30 2021 18:46:42",
            "keyStrokeInfo": "",
            "position": "93,26"
        },
        {
            "operation": "DELETE",
            "lines": 0,
            "keyStrokeTimeStamp": "Fri Apr 30 2021 18:46:42",
            "keyStrokeInfo": "",
            "position": "93,25"
        },
        {
            "operation": "DELETE",
            "lines": 0,
            "keyStrokeTimeStamp": "Fri Apr 30 2021 18:46:44",
            "keyStrokeInfo": "",
            "position": "93,24"
        },
        {
            "operation": "DELETE",
            "lines": 0,
            "keyStrokeTimeStamp": "Fri Apr 30 2021 18:46:44",
            "keyStrokeInfo": "",
            "position": "93,23"
        },
        {
            "operation": "DELETE",
            "lines": 0,
            "keyStrokeTimeStamp": "Fri Apr 30 2021 18:46:44",
            "keyStrokeInfo": "",
            "position": "93,22"
        },
        {
            "operation": "DELETE",
            "lines": 0,
            "keyStrokeTimeStamp": "Fri Apr 30 2021 18:46:44",
            "keyStrokeInfo": "",
            "position": "93,21"
        },
        {
            "operation": "TYPED",
            "lines": 0,
            "keyStrokeTimeStamp": "Fri Apr 30 2021 18:46:44",
            "keyStrokeInfo": "g",
            "position": "93,21"
        },
        {
            "operation": "TYPED",
            "lines": 0,
            "keyStrokeTimeStamp": "Fri Apr 30 2021 18:46:44",
            "keyStrokeInfo": "r",
            "position": "93,22"
        },
        {
            "operation": "TYPED",
            "lines": 0,
            "keyStrokeTimeStamp": "Fri Apr 30 2021 18:46:44",
            "keyStrokeInfo": "e",
            "position": "93,23"
        },
        {
            "operation": "TYPED",
            "lines": 0,
            "keyStrokeTimeStamp": "Fri Apr 30 2021 18:46:44",
            "keyStrokeInfo": "e",
            "position": "93,24"
        },
        {
            "operation": "TYPED",
            "lines": 0,
            "keyStrokeTimeStamp": "Fri Apr 30 2021 18:46:44",
            "keyStrokeInfo": "n",
            "position": "93,25"
        },
        {
            "operation": "DELETE",
            "lines": 0,
            "keyStrokeTimeStamp": "Fri Apr 30 2021 18:46:46",
            "keyStrokeInfo": "",
            "position": "63,23"
        },
        {
            "operation": "DELETE",
            "lines": 0,
            "keyStrokeTimeStamp": "Fri Apr 30 2021 18:46:46",
            "keyStrokeInfo": "",
            "position": "63,22"
        },
        {
            "operation": "DELETE",
            "lines": 0,
            "keyStrokeTimeStamp": "Fri Apr 30 2021 18:46:46",
            "keyStrokeInfo": "",
            "position": "63,21"
        },
        {
            "operation": "TYPED",
            "lines": 0,
            "keyStrokeTimeStamp": "Fri Apr 30 2021 18:46:46",
            "keyStrokeInfo": "b",
            "position": "63,21"
        },
        {
            "operation": "TYPED",
            "lines": 0,
            "keyStrokeTimeStamp": "Fri Apr 30 2021 18:46:46",
            "keyStrokeInfo": "l",
            "position": "63,22"
        },
        {
            "operation": "TYPED",
            "lines": 0,
            "keyStrokeTimeStamp": "Fri Apr 30 2021 18:46:46",
            "keyStrokeInfo": "u",
            "position": "63,23"
        },
        {
            "operation": "TYPED",
            "lines": 0,
            "keyStrokeTimeStamp": "Fri Apr 30 2021 18:46:46",
            "keyStrokeInfo": "e",
            "position": "63,24"
        },
        {
            "operation": "TYPED",
            "lines": 0,
            "keyStrokeTimeStamp": "Fri Apr 30 2021 18:46:50",
            "keyStrokeInfo": "blue",
            "position": "63,21"
        },
        {
            "operation": "DELETE",
            "lines": 0,
            "keyStrokeTimeStamp": "Fri Apr 30 2021 18:46:50",
            "keyStrokeInfo": "",
            "position": "67,26"
        },
        {
            "operation": "DELETE",
            "lines": 0,
            "keyStrokeTimeStamp": "Fri Apr 30 2021 18:46:50",
            "keyStrokeInfo": "",
            "position": "67,25"
        },
        {
            "operation": "DELETE",
            "lines": 0,
            "keyStrokeTimeStamp": "Fri Apr 30 2021 18:46:50",
            "keyStrokeInfo": "",
            "position": "67,24"
        },
        {
            "operation": "DELETE",
            "lines": 0,
            "keyStrokeTimeStamp": "Fri Apr 30 2021 18:46:51",
            "keyStrokeInfo": "",
            "position": "67,23"
        },
        {
            "operation": "DELETE",
            "lines": 0,
            "keyStrokeTimeStamp": "Fri Apr 30 2021 18:46:51",
            "keyStrokeInfo": "",
            "position": "67,22"
        },
        {
            "operation": "DELETE",
            "lines": 0,
            "keyStrokeTimeStamp": "Fri Apr 30 2021 18:46:51",
            "keyStrokeInfo": "",
            "position": "67,21"
        },
        {
            "operation": "TYPED",
            "lines": 0,
            "keyStrokeTimeStamp": "Fri Apr 30 2021 18:46:51",
            "keyStrokeInfo": "g",
            "position": "67,21"
        },
        {
            "operation": "TYPED",
            "lines": 0,
            "keyStrokeTimeStamp": "Fri Apr 30 2021 18:46:51",
            "keyStrokeInfo": "r",
            "position": "67,22"
        },
        {
            "operation": "TYPED",
            "lines": 0,
            "keyStrokeTimeStamp": "Fri Apr 30 2021 18:46:52",
            "keyStrokeInfo": "e",
            "position": "67,23"
        },
        {
            "operation": "TYPED",
            "lines": 0,
            "keyStrokeTimeStamp": "Fri Apr 30 2021 18:46:58",
            "keyStrokeInfo": "e",
            "position": "67,24"
        },
        {
            "operation": "TYPED",
            "lines": 0,
            "keyStrokeTimeStamp": "Fri Apr 30 2021 18:46:58",
            "keyStrokeInfo": "n",
            "position": "67,25"
        },
        {
            "operation": "TYPED",
            "lines": 0,
            "keyStrokeTimeStamp": "Fri Apr 30 2021 18:47:00",
            "keyStrokeInfo": "green",
            "position": "67,21"
        }
    ],
    "game.js": [
        {
            "operation": "DELETE",
            "lines": 0,
            "keyStrokeTimeStamp": "Fri Apr 30 2021 18:47:22",
            "keyStrokeInfo": "",
            "position": "113,16"
        },
        {
            "operation": "DELETE",
            "lines": 0,
            "keyStrokeTimeStamp": "Fri Apr 30 2021 18:47:22",
            "keyStrokeInfo": "",
            "position": "113,15"
        },
        {
            "operation": "DELETE",
            "lines": 0,
            "keyStrokeTimeStamp": "Fri Apr 30 2021 18:47:23",
            "keyStrokeInfo": "",
            "position": "113,14"
        },
        {
            "operation": "TYPED",
            "lines": 0,
            "keyStrokeTimeStamp": "Fri Apr 30 2021 18:47:24",
            "keyStrokeInfo": "b",
            "position": "113,14"
        },
        {
            "operation": "TYPED",
            "lines": 0,
            "keyStrokeTimeStamp": "Fri Apr 30 2021 18:47:24",
            "keyStrokeInfo": "l",
            "position": "113,15"
        },
        {
            "operation": "TYPED",
            "lines": 0,
            "keyStrokeTimeStamp": "Fri Apr 30 2021 18:47:24",
            "keyStrokeInfo": "u",
            "position": "113,16"
        },
        {
            "operation": "TYPED",
            "lines": 0,
            "keyStrokeTimeStamp": "Fri Apr 30 2021 18:47:24",
            "keyStrokeInfo": "e",
            "position": "113,17"
        },
        {
            "operation": "DELETE",
            "lines": 0,
            "keyStrokeTimeStamp": "Fri Apr 30 2021 18:47:26",
            "keyStrokeInfo": "",
            "position": "115,19"
        },
        {
            "operation": "DELETE",
            "lines": 0,
            "keyStrokeTimeStamp": "Fri Apr 30 2021 18:47:26",
            "keyStrokeInfo": "",
            "position": "115,18"
        },
        {
            "operation": "DELETE",
            "lines": 0,
            "keyStrokeTimeStamp": "Fri Apr 30 2021 18:47:26",
            "keyStrokeInfo": "",
            "position": "115,17"
        },
        {
            "operation": "DELETE",
            "lines": 0,
            "keyStrokeTimeStamp": "Fri Apr 30 2021 18:47:26",
            "keyStrokeInfo": "",
            "position": "115,16"
        },
        {
            "operation": "DELETE",
            "lines": 0,
            "keyStrokeTimeStamp": "Fri Apr 30 2021 18:47:27",
            "keyStrokeInfo": "",
            "position": "115,15"
        },
        {
            "operation": "DELETE",
            "lines": 0,
            "keyStrokeTimeStamp": "Fri Apr 30 2021 18:47:27",
            "keyStrokeInfo": "",
            "position": "115,14"
        },
        {
            "operation": "TYPED",
            "lines": 0,
            "keyStrokeTimeStamp": "Fri Apr 30 2021 18:47:28",
            "keyStrokeInfo": "g",
            "position": "115,14"
        },
        {
            "operation": "TYPED",
            "lines": 0,
            "keyStrokeTimeStamp": "Fri Apr 30 2021 18:47:28",
            "keyStrokeInfo": "r",
            "position": "115,15"
        },
        {
            "operation": "TYPED",
            "lines": 0,
            "keyStrokeTimeStamp": "Fri Apr 30 2021 18:47:28",
            "keyStrokeInfo": "e",
            "position": "115,16"
        },
        {
            "operation": "TYPED",
            "lines": 0,
            "keyStrokeTimeStamp": "Fri Apr 30 2021 18:47:28",
            "keyStrokeInfo": "e",
            "position": "115,17"
        },
        {
            "operation": "TYPED",
            "lines": 0,
            "keyStrokeTimeStamp": "Fri Apr 30 2021 18:47:29",
            "keyStrokeInfo": "n",
            "position": "115,18"
        }
    ],
    "Home.js": [
        {
            "operation": "PASTE",
            "lines": 5,
            "keyStrokeTimeStamp": "Fri Apr 30 2021 18:47:53",
            "keyStrokeInfo": " <li>First, decide who goes first and what color each player will have. </li>\r\n            <li>Players must alternate turns, and only one disc can be dropped in each turn. </li>\r\n            <li>On your turn, drop one of your colored discs from the top into any of the seven slots. </li>\r\n            <li>The game ends when there is a 4-in-a-row or a stalemate.</li>\r\n            <li>The starter of the previous game goes second on the next game.</li>",
            "position": "9,12"
        },
        {
            "operation": "TYPED",
            "lines": 0,
            "keyStrokeTimeStamp": "Fri Apr 30 2021 18:47:53",
            "keyStrokeInfo": "        ",
            "position": "9,1"
        }
    ],
    "index.css": [
        {
            "operation": "DELETE",
            "lines": 0,
            "keyStrokeTimeStamp": "Fri Apr 30 2021 18:48:24",
            "keyStrokeInfo": "",
            "position": "4,22"
        },
        {
            "operation": "DELETE",
            "lines": 0,
            "keyStrokeTimeStamp": "Fri Apr 30 2021 18:48:24",
            "keyStrokeInfo": "",
            "position": "4,21"
        },
        {
            "operation": "DELETE",
            "lines": 0,
            "keyStrokeTimeStamp": "Fri Apr 30 2021 18:48:24",
            "keyStrokeInfo": "",
            "position": "4,20"
        },
        {
            "operation": "DELETE",
            "lines": 0,
            "keyStrokeTimeStamp": "Fri Apr 30 2021 18:48:24",
            "keyStrokeInfo": "",
            "position": "4,19"
        },
        {
            "operation": "DELETE",
            "lines": 0,
            "keyStrokeTimeStamp": "Fri Apr 30 2021 18:48:24",
            "keyStrokeInfo": "",
            "position": "4,18"
        },
        {
            "operation": "DELETE",
            "lines": 0,
            "keyStrokeTimeStamp": "Fri Apr 30 2021 18:48:24",
            "keyStrokeInfo": "",
            "position": "4,17"
        },
        {
            "operation": "DELETE",
            "lines": 0,
            "keyStrokeTimeStamp": "Fri Apr 30 2021 18:48:25",
            "keyStrokeInfo": "",
            "position": "4,16"
        },
        {
            "operation": "DELETE",
            "lines": 0,
            "keyStrokeTimeStamp": "Fri Apr 30 2021 18:48:25",
            "keyStrokeInfo": "",
            "position": "4,15"
        },
        {
            "operation": "DELETE",
            "lines": 0,
            "keyStrokeTimeStamp": "Fri Apr 30 2021 18:48:25",
            "keyStrokeInfo": "",
            "position": "4,14"
        },
        {
            "operation": "DELETE",
            "lines": 0,
            "keyStrokeTimeStamp": "Fri Apr 30 2021 18:48:25",
            "keyStrokeInfo": "",
            "position": "4,13"
        },
        {
            "operation": "DELETE",
            "lines": 0,
            "keyStrokeTimeStamp": "Fri Apr 30 2021 18:48:25",
            "keyStrokeInfo": "",
            "position": "4,12"
        },
        {
            "operation": "DELETE",
            "lines": 0,
            "keyStrokeTimeStamp": "Fri Apr 30 2021 18:48:25",
            "keyStrokeInfo": "",
            "position": "4,11"
        },
        {
            "operation": "DELETE",
            "lines": 0,
            "keyStrokeTimeStamp": "Fri Apr 30 2021 18:48:25",
            "keyStrokeInfo": "",
            "position": "4,10"
        },
        {
            "operation": "DELETE",
            "lines": 0,
            "keyStrokeTimeStamp": "Fri Apr 30 2021 18:48:26",
            "keyStrokeInfo": "",
            "position": "4,9"
        },
        {
            "operation": "DELETE",
            "lines": 0,
            "keyStrokeTimeStamp": "Fri Apr 30 2021 18:48:26",
            "keyStrokeInfo": "",
            "position": "4,8"
        },
        {
            "operation": "DELETE",
            "lines": 0,
            "keyStrokeTimeStamp": "Fri Apr 30 2021 18:48:26",
            "keyStrokeInfo": "",
            "position": "4,7"
        },
        {
            "operation": "DELETE",
            "lines": 0,
            "keyStrokeTimeStamp": "Fri Apr 30 2021 18:48:26",
            "keyStrokeInfo": "",
            "position": "4,6"
        },
        {
            "operation": "DELETE",
            "lines": 0,
            "keyStrokeTimeStamp": "Fri Apr 30 2021 18:48:27",
            "keyStrokeInfo": "",
            "position": "4,5"
        },
        {
            "operation": "TYPED",
            "lines": 0,
            "keyStrokeTimeStamp": "Fri Apr 30 2021 18:48:28",
            "keyStrokeInfo": "w",
            "position": "4,5"
        },
        {
            "operation": "TYPED",
            "lines": 0,
            "keyStrokeTimeStamp": "Fri Apr 30 2021 18:48:28",
            "keyStrokeInfo": "h",
            "position": "4,6"
        },
        {
            "operation": "TYPED",
            "lines": 0,
            "keyStrokeTimeStamp": "Fri Apr 30 2021 18:48:28",
            "keyStrokeInfo": "i",
            "position": "4,7"
        },
        {
            "operation": "TYPED",
            "lines": 0,
            "keyStrokeTimeStamp": "Fri Apr 30 2021 18:48:29",
            "keyStrokeInfo": "t",
            "position": "4,8"
        },
        {
            "operation": "TYPED",
            "lines": 0,
            "keyStrokeTimeStamp": "Fri Apr 30 2021 18:48:29",
            "keyStrokeInfo": "e",
            "position": "4,9"
        },
        {
            "operation": "TYPED",
            "lines": 0,
            "keyStrokeTimeStamp": "Fri Apr 30 2021 18:48:30",
            "keyStrokeInfo": ".white",
            "position": "4,5"
        },
        {
            "operation": "DELETE",
            "lines": 0,
            "keyStrokeTimeStamp": "Fri Apr 30 2021 18:48:37",
            "keyStrokeInfo": "",
            "position": "4,5"
        },
        {
            "operation": "PASTE",
            "lines": 1,
            "keyStrokeTimeStamp": "Fri Apr 30 2021 18:48:40",
            "keyStrokeInfo": "rgb(156, 153, 110)",
            "position": "5,5"
        },
        {
            "operation": "DELETE",
            "lines": 0,
            "keyStrokeTimeStamp": "Fri Apr 30 2021 18:48:43",
            "keyStrokeInfo": "",
            "position": "5,22"
        },
        {
            "operation": "DELETE",
            "lines": 0,
            "keyStrokeTimeStamp": "Fri Apr 30 2021 18:48:43",
            "keyStrokeInfo": "",
            "position": "5,21"
        },
        {
            "operation": "DELETE",
            "lines": 0,
            "keyStrokeTimeStamp": "Fri Apr 30 2021 18:48:43",
            "keyStrokeInfo": "",
            "position": "5,20"
        },
        {
            "operation": "DELETE",
            "lines": 0,
            "keyStrokeTimeStamp": "Fri Apr 30 2021 18:48:43",
            "keyStrokeInfo": "",
            "position": "5,19"
        },
        {
            "operation": "DELETE",
            "lines": 0,
            "keyStrokeTimeStamp": "Fri Apr 30 2021 18:48:43",
            "keyStrokeInfo": "",
            "position": "5,18"
        },
        {
            "operation": "DELETE",
            "lines": 0,
            "keyStrokeTimeStamp": "Fri Apr 30 2021 18:48:43",
            "keyStrokeInfo": "",
            "position": "5,17"
        },
        {
            "operation": "DELETE",
            "lines": 0,
            "keyStrokeTimeStamp": "Fri Apr 30 2021 18:48:43",
            "keyStrokeInfo": "",
            "position": "5,16"
        },
        {
            "operation": "DELETE",
            "lines": 0,
            "keyStrokeTimeStamp": "Fri Apr 30 2021 18:48:43",
            "keyStrokeInfo": "",
            "position": "5,15"
        },
        {
            "operation": "DELETE",
            "lines": 0,
            "keyStrokeTimeStamp": "Fri Apr 30 2021 18:48:43",
            "keyStrokeInfo": "",
            "position": "5,14"
        },
        {
            "operation": "DELETE",
            "lines": 0,
            "keyStrokeTimeStamp": "Fri Apr 30 2021 18:48:43",
            "keyStrokeInfo": "",
            "position": "5,13"
        },
        {
            "operation": "DELETE",
            "lines": 0,
            "keyStrokeTimeStamp": "Fri Apr 30 2021 18:48:43",
            "keyStrokeInfo": "",
            "position": "5,12"
        },
        {
            "operation": "DELETE",
            "lines": 0,
            "keyStrokeTimeStamp": "Fri Apr 30 2021 18:48:43",
            "keyStrokeInfo": "",
            "position": "5,11"
        },
        {
            "operation": "DELETE",
            "lines": 0,
            "keyStrokeTimeStamp": "Fri Apr 30 2021 18:48:44",
            "keyStrokeInfo": "",
            "position": "5,10"
        },
        {
            "operation": "DELETE",
            "lines": 0,
            "keyStrokeTimeStamp": "Fri Apr 30 2021 18:48:44",
            "keyStrokeInfo": "",
            "position": "5,9"
        },
        {
            "operation": "DELETE",
            "lines": 0,
            "keyStrokeTimeStamp": "Fri Apr 30 2021 18:48:44",
            "keyStrokeInfo": "",
            "position": "5,8"
        },
        {
            "operation": "DELETE",
            "lines": 0,
            "keyStrokeTimeStamp": "Fri Apr 30 2021 18:48:44",
            "keyStrokeInfo": "",
            "position": "5,7"
        },
        {
            "operation": "DELETE",
            "lines": 0,
            "keyStrokeTimeStamp": "Fri Apr 30 2021 18:48:44",
            "keyStrokeInfo": "",
            "position": "5,6"
        },
        {
            "operation": "DELETE",
            "lines": 0,
            "keyStrokeTimeStamp": "Fri Apr 30 2021 18:48:44",
            "keyStrokeInfo": "",
            "position": "5,5"
        },
        {
            "operation": "TYPED",
            "lines": 0,
            "keyStrokeTimeStamp": "Fri Apr 30 2021 18:48:45",
            "keyStrokeInfo": "w",
            "position": "5,5"
        },
        {
            "operation": "TYPED",
            "lines": 0,
            "keyStrokeTimeStamp": "Fri Apr 30 2021 18:48:46",
            "keyStrokeInfo": "h",
            "position": "5,6"
        },
        {
            "operation": "TYPED",
            "lines": 0,
            "keyStrokeTimeStamp": "Fri Apr 30 2021 18:48:46",
            "keyStrokeInfo": "i",
            "position": "5,7"
        },
        {
            "operation": "TYPED",
            "lines": 0,
            "keyStrokeTimeStamp": "Fri Apr 30 2021 18:48:46",
            "keyStrokeInfo": "t",
            "position": "5,8"
        },
        {
            "operation": "TYPED",
            "lines": 0,
            "keyStrokeTimeStamp": "Fri Apr 30 2021 18:48:46",
            "keyStrokeInfo": "e",
            "position": "5,9"
        },
        {
            "operation": "TYPED",
            "lines": 0,
            "keyStrokeTimeStamp": "Fri Apr 30 2021 18:48:46",
            "keyStrokeInfo": "white",
            "position": "5,5"
        },
        {
            "operation": "TYPED",
            "lines": 0,
            "keyStrokeTimeStamp": "Fri Apr 30 2021 18:48:49",
            "keyStrokeInfo": "white 1",
            "position": "5,5"
        }
    ],
    "Main.js": [
        {
            "operation": "TYPED",
            "lines": 0,
            "keyStrokeTimeStamp": "Fri Apr 30 2021 18:49:38",
            "keyStrokeInfo": "r",
            "position": "18,50"
        },
        {
            "operation": "TYPED",
            "lines": 0,
            "keyStrokeTimeStamp": "Fri Apr 30 2021 18:49:39",
            "keyStrokeInfo": "m",
            "position": "18,51"
        },
        {
            "operation": "TYPED",
            "lines": 0,
            "keyStrokeTimeStamp": "Fri Apr 30 2021 18:49:39",
            "keyStrokeInfo": "a",
            "position": "18,52"
        },
        {
            "operation": "TYPED",
            "lines": 0,
            "keyStrokeTimeStamp": "Fri Apr 30 2021 18:49:39",
            "keyStrokeInfo": "t",
            "position": "18,53"
        },
        {
            "operation": "TYPED",
            "lines": 0,
            "keyStrokeTimeStamp": "Fri Apr 30 2021 18:49:39",
            "keyStrokeInfo": "i",
            "position": "18,54"
        },
        {
            "operation": "TYPED",
            "lines": 0,
            "keyStrokeTimeStamp": "Fri Apr 30 2021 18:49:40",
            "keyStrokeInfo": "o",
            "position": "18,55"
        },
        {
            "operation": "TYPED",
            "lines": 0,
            "keyStrokeTimeStamp": "Fri Apr 30 2021 18:49:40",
            "keyStrokeInfo": "n",
            "position": "18,56"
        }
    ],
    "player.css": [
        {
            "operation": "DELETE",
            "lines": 0,
            "keyStrokeTimeStamp": "Fri Apr 30 2021 18:49:55",
            "keyStrokeInfo": "",
            "position": "4,22"
        },
        {
            "operation": "DELETE",
            "lines": 0,
            "keyStrokeTimeStamp": "Fri Apr 30 2021 18:49:55",
            "keyStrokeInfo": "",
            "position": "4,21"
        },
        {
            "operation": "DELETE",
            "lines": 0,
            "keyStrokeTimeStamp": "Fri Apr 30 2021 18:49:55",
            "keyStrokeInfo": "",
            "position": "4,20"
        },
        {
            "operation": "DELETE",
            "lines": 0,
            "keyStrokeTimeStamp": "Fri Apr 30 2021 18:49:55",
            "keyStrokeInfo": "",
            "position": "4,19"
        },
        {
            "operation": "DELETE",
            "lines": 0,
            "keyStrokeTimeStamp": "Fri Apr 30 2021 18:49:55",
            "keyStrokeInfo": "",
            "position": "4,18"
        },
        {
            "operation": "DELETE",
            "lines": 0,
            "keyStrokeTimeStamp": "Fri Apr 30 2021 18:49:55",
            "keyStrokeInfo": "",
            "position": "4,17"
        },
        {
            "operation": "DELETE",
            "lines": 0,
            "keyStrokeTimeStamp": "Fri Apr 30 2021 18:49:55",
            "keyStrokeInfo": "",
            "position": "4,16"
        },
        {
            "operation": "DELETE",
            "lines": 0,
            "keyStrokeTimeStamp": "Fri Apr 30 2021 18:49:55",
            "keyStrokeInfo": "",
            "position": "4,15"
        },
        {
            "operation": "DELETE",
            "lines": 0,
            "keyStrokeTimeStamp": "Fri Apr 30 2021 18:49:55",
            "keyStrokeInfo": "",
            "position": "4,14"
        },
        {
            "operation": "DELETE",
            "lines": 0,
            "keyStrokeTimeStamp": "Fri Apr 30 2021 18:49:55",
            "keyStrokeInfo": "",
            "position": "4,13"
        },
        {
            "operation": "DELETE",
            "lines": 0,
            "keyStrokeTimeStamp": "Fri Apr 30 2021 18:49:56",
            "keyStrokeInfo": "",
            "position": "4,12"
        },
        {
            "operation": "DELETE",
            "lines": 0,
            "keyStrokeTimeStamp": "Fri Apr 30 2021 18:49:56",
            "keyStrokeInfo": "",
            "position": "4,11"
        },
        {
            "operation": "DELETE",
            "lines": 0,
            "keyStrokeTimeStamp": "Fri Apr 30 2021 18:49:56",
            "keyStrokeInfo": "",
            "position": "4,10"
        },
        {
            "operation": "DELETE",
            "lines": 0,
            "keyStrokeTimeStamp": "Fri Apr 30 2021 18:49:56",
            "keyStrokeInfo": "",
            "position": "4,9"
        },
        {
            "operation": "DELETE",
            "lines": 0,
            "keyStrokeTimeStamp": "Fri Apr 30 2021 18:49:56",
            "keyStrokeInfo": "",
            "position": "4,8"
        },
        {
            "operation": "DELETE",
            "lines": 0,
            "keyStrokeTimeStamp": "Fri Apr 30 2021 18:49:56",
            "keyStrokeInfo": "",
            "position": "4,7"
        },
        {
            "operation": "DELETE",
            "lines": 0,
            "keyStrokeTimeStamp": "Fri Apr 30 2021 18:49:56",
            "keyStrokeInfo": "",
            "position": "4,6"
        },
        {
            "operation": "DELETE",
            "lines": 0,
            "keyStrokeTimeStamp": "Fri Apr 30 2021 18:49:56",
            "keyStrokeInfo": "",
            "position": "4,5"
        },
        {
            "operation": "TYPED",
            "lines": 0,
            "keyStrokeTimeStamp": "Fri Apr 30 2021 18:49:57",
            "keyStrokeInfo": "g",
            "position": "4,5"
        },
        {
            "operation": "TYPED",
            "lines": 0,
            "keyStrokeTimeStamp": "Fri Apr 30 2021 18:49:57",
            "keyStrokeInfo": "r",
            "position": "4,6"
        },
        {
            "operation": "TYPED",
            "lines": 0,
            "keyStrokeTimeStamp": "Fri Apr 30 2021 18:49:57",
            "keyStrokeInfo": "e",
            "position": "4,7"
        },
        {
            "operation": "TYPED",
            "lines": 0,
            "keyStrokeTimeStamp": "Fri Apr 30 2021 18:49:58",
            "keyStrokeInfo": "e",
            "position": "4,8"
        },
        {
            "operation": "TYPED",
            "lines": 0,
            "keyStrokeTimeStamp": "Fri Apr 30 2021 18:49:59",
            "keyStrokeInfo": "n",
            "position": "4,9"
        },
        {
            "operation": "TYPED",
            "lines": 0,
            "keyStrokeTimeStamp": "Fri Apr 30 2021 18:49:59",
            "keyStrokeInfo": "y",
            "position": "4,10"
        },
        {
            "operation": "TYPED",
            "lines": 0,
            "keyStrokeTimeStamp": "Fri Apr 30 2021 18:49:59",
            "keyStrokeInfo": "e",
            "position": "4,11"
        },
        {
            "operation": "TYPED",
            "lines": 0,
            "keyStrokeTimeStamp": "Fri Apr 30 2021 18:50:00",
            "keyStrokeInfo": "l",
            "position": "4,12"
        },
        {
            "operation": "TYPED",
            "lines": 0,
            "keyStrokeTimeStamp": "Fri Apr 30 2021 18:50:01",
            "keyStrokeInfo": "l",
            "position": "4,13"
        },
        {
            "operation": "TYPED",
            "lines": 0,
            "keyStrokeTimeStamp": "Fri Apr 30 2021 18:50:01",
            "keyStrokeInfo": "o",
            "position": "4,14"
        },
        {
            "operation": "TYPED",
            "lines": 0,
            "keyStrokeTimeStamp": "Fri Apr 30 2021 18:50:01",
            "keyStrokeInfo": "w",
            "position": "4,15"
        },
        {
            "operation": "DELETE",
            "lines": 0,
            "keyStrokeTimeStamp": "Fri Apr 30 2021 18:50:04",
            "keyStrokeInfo": "",
            "position": "5,22"
        },
        {
            "operation": "DELETE",
            "lines": 0,
            "keyStrokeTimeStamp": "Fri Apr 30 2021 18:50:05",
            "keyStrokeInfo": "",
            "position": "5,21"
        },
        {
            "operation": "DELETE",
            "lines": 0,
            "keyStrokeTimeStamp": "Fri Apr 30 2021 18:50:05",
            "keyStrokeInfo": "",
            "position": "5,20"
        },
        {
            "operation": "DELETE",
            "lines": 0,
            "keyStrokeTimeStamp": "Fri Apr 30 2021 18:50:05",
            "keyStrokeInfo": "",
            "position": "5,19"
        },
        {
            "operation": "DELETE",
            "lines": 0,
            "keyStrokeTimeStamp": "Fri Apr 30 2021 18:50:05",
            "keyStrokeInfo": "",
            "position": "5,18"
        },
        {
            "operation": "DELETE",
            "lines": 0,
            "keyStrokeTimeStamp": "Fri Apr 30 2021 18:50:05",
            "keyStrokeInfo": "",
            "position": "5,17"
        },
        {
            "operation": "DELETE",
            "lines": 0,
            "keyStrokeTimeStamp": "Fri Apr 30 2021 18:50:05",
            "keyStrokeInfo": "",
            "position": "5,16"
        },
        {
            "operation": "DELETE",
            "lines": 0,
            "keyStrokeTimeStamp": "Fri Apr 30 2021 18:50:05",
            "keyStrokeInfo": "",
            "position": "5,15"
        },
        {
            "operation": "DELETE",
            "lines": 0,
            "keyStrokeTimeStamp": "Fri Apr 30 2021 18:50:05",
            "keyStrokeInfo": "",
            "position": "5,14"
        },
        {
            "operation": "DELETE",
            "lines": 0,
            "keyStrokeTimeStamp": "Fri Apr 30 2021 18:50:05",
            "keyStrokeInfo": "",
            "position": "5,13"
        },
        {
            "operation": "DELETE",
            "lines": 0,
            "keyStrokeTimeStamp": "Fri Apr 30 2021 18:50:05",
            "keyStrokeInfo": "",
            "position": "5,12"
        },
        {
            "operation": "DELETE",
            "lines": 0,
            "keyStrokeTimeStamp": "Fri Apr 30 2021 18:50:05",
            "keyStrokeInfo": "",
            "position": "5,11"
        },
        {
            "operation": "DELETE",
            "lines": 0,
            "keyStrokeTimeStamp": "Fri Apr 30 2021 18:50:05",
            "keyStrokeInfo": "",
            "position": "5,10"
        },
        {
            "operation": "DELETE",
            "lines": 0,
            "keyStrokeTimeStamp": "Fri Apr 30 2021 18:50:05",
            "keyStrokeInfo": "",
            "position": "5,9"
        },
        {
            "operation": "DELETE",
            "lines": 0,
            "keyStrokeTimeStamp": "Fri Apr 30 2021 18:50:05",
            "keyStrokeInfo": "",
            "position": "5,8"
        },
        {
            "operation": "DELETE",
            "lines": 0,
            "keyStrokeTimeStamp": "Fri Apr 30 2021 18:50:06",
            "keyStrokeInfo": "",
            "position": "5,7"
        },
        {
            "operation": "DELETE",
            "lines": 0,
            "keyStrokeTimeStamp": "Fri Apr 30 2021 18:50:06",
            "keyStrokeInfo": "",
            "position": "5,6"
        },
        {
            "operation": "DELETE",
            "lines": 0,
            "keyStrokeTimeStamp": "Fri Apr 30 2021 18:50:06",
            "keyStrokeInfo": "",
            "position": "5,5"
        },
        {
            "operation": "TYPED",
            "lines": 0,
            "keyStrokeTimeStamp": "Fri Apr 30 2021 18:50:07",
            "keyStrokeInfo": "g",
            "position": "5,5"
        },
        {
            "operation": "TYPED",
            "lines": 0,
            "keyStrokeTimeStamp": "Fri Apr 30 2021 18:50:07",
            "keyStrokeInfo": "r",
            "position": "5,6"
        },
        {
            "operation": "TYPED",
            "lines": 0,
            "keyStrokeTimeStamp": "Fri Apr 30 2021 18:50:08",
            "keyStrokeInfo": "e",
            "position": "5,7"
        },
        {
            "operation": "TYPED",
            "lines": 0,
            "keyStrokeTimeStamp": "Fri Apr 30 2021 18:50:08",
            "keyStrokeInfo": "e",
            "position": "5,8"
        },
        {
            "operation": "PASTE",
            "lines": 1,
            "keyStrokeTimeStamp": "Fri Apr 30 2021 18:50:09",
            "keyStrokeInfo": "greenyellow",
            "position": "5,5"
        },
        {
            "operation": "DELETE",
            "lines": 0,
            "keyStrokeTimeStamp": "Fri Apr 30 2021 18:50:28",
            "keyStrokeInfo": "",
            "position": "11,20"
        },
        {
            "operation": "DELETE",
            "lines": 0,
            "keyStrokeTimeStamp": "Fri Apr 30 2021 18:50:29",
            "keyStrokeInfo": "",
            "position": "11,19"
        },
        {
            "operation": "TYPED",
            "lines": 0,
            "keyStrokeTimeStamp": "Fri Apr 30 2021 18:50:30",
            "keyStrokeInfo": "2",
            "position": "11,19"
        },
        {
            "operation": "TYPED",
            "lines": 0,
            "keyStrokeTimeStamp": "Fri Apr 30 2021 18:50:30",
            "keyStrokeInfo": "0",
            "position": "11,20"
        },
        {
            "operation": "TYPED",
            "lines": 0,
            "keyStrokeTimeStamp": "Fri Apr 30 2021 18:50:30",
            "keyStrokeInfo": "0",
            "position": "11,21"
        },
        {
            "operation": "DELETE",
            "lines": 0,
            "keyStrokeTimeStamp": "Fri Apr 30 2021 18:50:31",
            "keyStrokeInfo": "",
            "position": "11,21"
        },
        {
            "operation": "DELETE",
            "lines": 0,
            "keyStrokeTimeStamp": "Fri Apr 30 2021 18:50:37",
            "keyStrokeInfo": "",
            "position": "14,42"
        },
        {
            "operation": "DELETE",
            "lines": 0,
            "keyStrokeTimeStamp": "Fri Apr 30 2021 18:50:37",
            "keyStrokeInfo": "",
            "position": "14,41"
        },
        {
            "operation": "DELETE",
            "lines": 0,
            "keyStrokeTimeStamp": "Fri Apr 30 2021 18:50:38",
            "keyStrokeInfo": "",
            "position": "14,40"
        },
        {
            "operation": "DELETE",
            "lines": 0,
            "keyStrokeTimeStamp": "Fri Apr 30 2021 18:50:38",
            "keyStrokeInfo": "",
            "position": "14,39"
        },
        {
            "operation": "DELETE",
            "lines": 0,
            "keyStrokeTimeStamp": "Fri Apr 30 2021 18:50:38",
            "keyStrokeInfo": "",
            "position": "14,38"
        },
        {
            "operation": "DELETE",
            "lines": 0,
            "keyStrokeTimeStamp": "Fri Apr 30 2021 18:50:38",
            "keyStrokeInfo": "",
            "position": "14,37"
        },
        {
            "operation": "DELETE",
            "lines": 0,
            "keyStrokeTimeStamp": "Fri Apr 30 2021 18:50:38",
            "keyStrokeInfo": "",
            "position": "14,36"
        },
        {
            "operation": "DELETE",
            "lines": 0,
            "keyStrokeTimeStamp": "Fri Apr 30 2021 18:50:38",
            "keyStrokeInfo": "",
            "position": "14,35"
        },
        {
            "operation": "DELETE",
            "lines": 0,
            "keyStrokeTimeStamp": "Fri Apr 30 2021 18:50:38",
            "keyStrokeInfo": "",
            "position": "14,34"
        },
        {
            "operation": "DELETE",
            "lines": 0,
            "keyStrokeTimeStamp": "Fri Apr 30 2021 18:50:38",
            "keyStrokeInfo": "",
            "position": "14,33"
        },
        {
            "operation": "DELETE",
            "lines": 0,
            "keyStrokeTimeStamp": "Fri Apr 30 2021 18:50:38",
            "keyStrokeInfo": "",
            "position": "14,32"
        },
        {
            "operation": "DELETE",
            "lines": 0,
            "keyStrokeTimeStamp": "Fri Apr 30 2021 18:50:39",
            "keyStrokeInfo": "",
            "position": "14,31"
        },
        {
            "operation": "DELETE",
            "lines": 0,
            "keyStrokeTimeStamp": "Fri Apr 30 2021 18:50:39",
            "keyStrokeInfo": "",
            "position": "14,30"
        },
        {
            "operation": "DELETE",
            "lines": 0,
            "keyStrokeTimeStamp": "Fri Apr 30 2021 18:50:39",
            "keyStrokeInfo": "",
            "position": "14,29"
        },
        {
            "operation": "TYPED",
            "lines": 0,
            "keyStrokeTimeStamp": "Fri Apr 30 2021 18:50:40",
            "keyStrokeInfo": "b",
            "position": "14,29"
        },
        {
            "operation": "TYPED",
            "lines": 0,
            "keyStrokeTimeStamp": "Fri Apr 30 2021 18:50:40",
            "keyStrokeInfo": "l",
            "position": "14,30"
        },
        {
            "operation": "TYPED",
            "lines": 0,
            "keyStrokeTimeStamp": "Fri Apr 30 2021 18:50:41",
            "keyStrokeInfo": "a",
            "position": "14,31"
        },
        {
            "operation": "TYPED",
            "lines": 0,
            "keyStrokeTimeStamp": "Fri Apr 30 2021 18:50:41",
            "keyStrokeInfo": "c",
            "position": "14,32"
        },
        {
            "operation": "TYPED",
            "lines": 0,
            "keyStrokeTimeStamp": "Fri Apr 30 2021 18:50:41",
            "keyStrokeInfo": "k",
            "position": "14,33"
        },
        {
            "operation": "TYPED",
            "lines": 0,
            "keyStrokeTimeStamp": "Fri Apr 30 2021 18:50:42",
            "keyStrokeInfo": "black",
            "position": "14,29"
        },
        {
            "operation": "DELETE",
            "lines": 0,
            "keyStrokeTimeStamp": "Fri Apr 30 2021 18:50:50",
            "keyStrokeInfo": "",
            "position": "24,22"
        },
        {
            "operation": "DELETE",
            "lines": 0,
            "keyStrokeTimeStamp": "Fri Apr 30 2021 18:50:50",
            "keyStrokeInfo": "",
            "position": "24,21"
        },
        {
            "operation": "DELETE",
            "lines": 0,
            "keyStrokeTimeStamp": "Fri Apr 30 2021 18:50:50",
            "keyStrokeInfo": "",
            "position": "24,20"
        },
        {
            "operation": "DELETE",
            "lines": 0,
            "keyStrokeTimeStamp": "Fri Apr 30 2021 18:50:50",
            "keyStrokeInfo": "",
            "position": "24,19"
        },
        {
            "operation": "DELETE",
            "lines": 0,
            "keyStrokeTimeStamp": "Fri Apr 30 2021 18:50:50",
            "keyStrokeInfo": "",
            "position": "24,18"
        },
        {
            "operation": "DELETE",
            "lines": 0,
            "keyStrokeTimeStamp": "Fri Apr 30 2021 18:50:51",
            "keyStrokeInfo": "",
            "position": "24,17"
        },
        {
            "operation": "DELETE",
            "lines": 0,
            "keyStrokeTimeStamp": "Fri Apr 30 2021 18:50:51",
            "keyStrokeInfo": "",
            "position": "24,16"
        },
        {
            "operation": "DELETE",
            "lines": 0,
            "keyStrokeTimeStamp": "Fri Apr 30 2021 18:50:51",
            "keyStrokeInfo": "",
            "position": "24,15"
        },
        {
            "operation": "DELETE",
            "lines": 0,
            "keyStrokeTimeStamp": "Fri Apr 30 2021 18:50:51",
            "keyStrokeInfo": "",
            "position": "24,14"
        },
        {
            "operation": "DELETE",
            "lines": 0,
            "keyStrokeTimeStamp": "Fri Apr 30 2021 18:50:51",
            "keyStrokeInfo": "",
            "position": "24,13"
        },
        {
            "operation": "DELETE",
            "lines": 0,
            "keyStrokeTimeStamp": "Fri Apr 30 2021 18:50:51",
            "keyStrokeInfo": "",
            "position": "24,12"
        },
        {
            "operation": "DELETE",
            "lines": 0,
            "keyStrokeTimeStamp": "Fri Apr 30 2021 18:50:51",
            "keyStrokeInfo": "",
            "position": "24,11"
        },
        {
            "operation": "DELETE",
            "lines": 0,
            "keyStrokeTimeStamp": "Fri Apr 30 2021 18:50:51",
            "keyStrokeInfo": "",
            "position": "24,10"
        },
        {
            "operation": "DELETE",
            "lines": 0,
            "keyStrokeTimeStamp": "Fri Apr 30 2021 18:50:51",
            "keyStrokeInfo": "",
            "position": "24,9"
        },
        {
            "operation": "DELETE",
            "lines": 0,
            "keyStrokeTimeStamp": "Fri Apr 30 2021 18:50:51",
            "keyStrokeInfo": "",
            "position": "24,8"
        },
        {
            "operation": "DELETE",
            "lines": 0,
            "keyStrokeTimeStamp": "Fri Apr 30 2021 18:50:51",
            "keyStrokeInfo": "",
            "position": "24,7"
        },
        {
            "operation": "DELETE",
            "lines": 0,
            "keyStrokeTimeStamp": "Fri Apr 30 2021 18:50:52",
            "keyStrokeInfo": "",
            "position": "24,6"
        },
        {
            "operation": "DELETE",
            "lines": 0,
            "keyStrokeTimeStamp": "Fri Apr 30 2021 18:50:52",
            "keyStrokeInfo": "",
            "position": "24,5"
        },
        {
            "operation": "TYPED",
            "lines": 0,
            "keyStrokeTimeStamp": "Fri Apr 30 2021 18:50:52",
            "keyStrokeInfo": "g",
            "position": "24,5"
        },
        {
            "operation": "TYPED",
            "lines": 0,
            "keyStrokeTimeStamp": "Fri Apr 30 2021 18:50:53",
            "keyStrokeInfo": "r",
            "position": "24,6"
        },
        {
            "operation": "TYPED",
            "lines": 0,
            "keyStrokeTimeStamp": "Fri Apr 30 2021 18:50:53",
            "keyStrokeInfo": "e",
            "position": "24,7"
        },
        {
            "operation": "TYPED",
            "lines": 0,
            "keyStrokeTimeStamp": "Fri Apr 30 2021 18:50:53",
            "keyStrokeInfo": "e",
            "position": "24,8"
        },
        {
            "operation": "TYPED",
            "lines": 0,
            "keyStrokeTimeStamp": "Fri Apr 30 2021 18:50:54",
            "keyStrokeInfo": "n",
            "position": "24,9"
        },
        {
            "operation": "TYPED",
            "lines": 0,
            "keyStrokeTimeStamp": "Fri Apr 30 2021 18:50:54",
            "keyStrokeInfo": "y",
            "position": "24,10"
        },
        {
            "operation": "TYPED",
            "lines": 0,
            "keyStrokeTimeStamp": "Fri Apr 30 2021 18:50:54",
            "keyStrokeInfo": "e",
            "position": "24,11"
        },
        {
            "operation": "TYPED",
            "lines": 0,
            "keyStrokeTimeStamp": "Fri Apr 30 2021 18:50:55",
            "keyStrokeInfo": "l",
            "position": "24,12"
        },
        {
            "operation": "TYPED",
            "lines": 0,
            "keyStrokeTimeStamp": "Fri Apr 30 2021 18:50:55",
            "keyStrokeInfo": "l",
            "position": "24,13"
        },
        {
            "operation": "TYPED",
            "lines": 0,
            "keyStrokeTimeStamp": "Fri Apr 30 2021 18:50:55",
            "keyStrokeInfo": "o",
            "position": "24,14"
        },
        {
            "operation": "TYPED",
            "lines": 0,
            "keyStrokeTimeStamp": "Fri Apr 30 2021 18:50:55",
            "keyStrokeInfo": "w",
            "position": "24,15"
        },
        {
            "operation": "PASTE",
            "lines": 1,
            "keyStrokeTimeStamp": "Fri Apr 30 2021 18:50:56",
            "keyStrokeInfo": "greenyellow",
            "position": "24,5"
        },
        {
            "operation": "DELETE",
            "lines": 0,
            "keyStrokeTimeStamp": "Fri Apr 30 2021 18:50:58",
            "keyStrokeInfo": "",
            "position": "25,22"
        },
        {
            "operation": "DELETE",
            "lines": 0,
            "keyStrokeTimeStamp": "Fri Apr 30 2021 18:50:59",
            "keyStrokeInfo": "",
            "position": "25,21"
        },
        {
            "operation": "DELETE",
            "lines": 0,
            "keyStrokeTimeStamp": "Fri Apr 30 2021 18:50:59",
            "keyStrokeInfo": "",
            "position": "25,20"
        },
        {
            "operation": "DELETE",
            "lines": 0,
            "keyStrokeTimeStamp": "Fri Apr 30 2021 18:50:59",
            "keyStrokeInfo": "",
            "position": "25,19"
        },
        {
            "operation": "DELETE",
            "lines": 0,
            "keyStrokeTimeStamp": "Fri Apr 30 2021 18:50:59",
            "keyStrokeInfo": "",
            "position": "25,18"
        },
        {
            "operation": "DELETE",
            "lines": 0,
            "keyStrokeTimeStamp": "Fri Apr 30 2021 18:50:59",
            "keyStrokeInfo": "",
            "position": "25,17"
        },
        {
            "operation": "DELETE",
            "lines": 0,
            "keyStrokeTimeStamp": "Fri Apr 30 2021 18:50:59",
            "keyStrokeInfo": "",
            "position": "25,16"
        },
        {
            "operation": "DELETE",
            "lines": 0,
            "keyStrokeTimeStamp": "Fri Apr 30 2021 18:50:59",
            "keyStrokeInfo": "",
            "position": "25,15"
        },
        {
            "operation": "DELETE",
            "lines": 0,
            "keyStrokeTimeStamp": "Fri Apr 30 2021 18:50:59",
            "keyStrokeInfo": "",
            "position": "25,14"
        },
        {
            "operation": "DELETE",
            "lines": 0,
            "keyStrokeTimeStamp": "Fri Apr 30 2021 18:50:59",
            "keyStrokeInfo": "",
            "position": "25,13"
        },
        {
            "operation": "DELETE",
            "lines": 0,
            "keyStrokeTimeStamp": "Fri Apr 30 2021 18:50:59",
            "keyStrokeInfo": "",
            "position": "25,12"
        },
        {
            "operation": "DELETE",
            "lines": 0,
            "keyStrokeTimeStamp": "Fri Apr 30 2021 18:50:59",
            "keyStrokeInfo": "",
            "position": "25,11"
        },
        {
            "operation": "DELETE",
            "lines": 0,
            "keyStrokeTimeStamp": "Fri Apr 30 2021 18:50:59",
            "keyStrokeInfo": "",
            "position": "25,10"
        },
        {
            "operation": "DELETE",
            "lines": 0,
            "keyStrokeTimeStamp": "Fri Apr 30 2021 18:50:59",
            "keyStrokeInfo": "",
            "position": "25,9"
        },
        {
            "operation": "DELETE",
            "lines": 0,
            "keyStrokeTimeStamp": "Fri Apr 30 2021 18:51:00",
            "keyStrokeInfo": "",
            "position": "25,8"
        },
        {
            "operation": "DELETE",
            "lines": 0,
            "keyStrokeTimeStamp": "Fri Apr 30 2021 18:51:00",
            "keyStrokeInfo": "",
            "position": "25,7"
        },
        {
            "operation": "DELETE",
            "lines": 0,
            "keyStrokeTimeStamp": "Fri Apr 30 2021 18:51:00",
            "keyStrokeInfo": "",
            "position": "25,6"
        },
        {
            "operation": "DELETE",
            "lines": 0,
            "keyStrokeTimeStamp": "Fri Apr 30 2021 18:51:00",
            "keyStrokeInfo": "",
            "position": "25,5"
        },
        {
            "operation": "TYPED",
            "lines": 0,
            "keyStrokeTimeStamp": "Fri Apr 30 2021 18:51:01",
            "keyStrokeInfo": "g",
            "position": "25,5"
        },
        {
            "operation": "TYPED",
            "lines": 0,
            "keyStrokeTimeStamp": "Fri Apr 30 2021 18:51:01",
            "keyStrokeInfo": "r",
            "position": "25,6"
        },
        {
            "operation": "TYPED",
            "lines": 0,
            "keyStrokeTimeStamp": "Fri Apr 30 2021 18:51:01",
            "keyStrokeInfo": "e",
            "position": "25,7"
        },
        {
            "operation": "TYPED",
            "lines": 0,
            "keyStrokeTimeStamp": "Fri Apr 30 2021 18:51:02",
            "keyStrokeInfo": "e",
            "position": "25,8"
        },
        {
            "operation": "TYPED",
            "lines": 0,
            "keyStrokeTimeStamp": "Fri Apr 30 2021 18:51:02",
            "keyStrokeInfo": "n",
            "position": "25,9"
        },
        {
            "operation": "TYPED",
            "lines": 0,
            "keyStrokeTimeStamp": "Fri Apr 30 2021 18:51:02",
            "keyStrokeInfo": "y",
            "position": "25,10"
        },
        {
            "operation": "TYPED",
            "lines": 0,
            "keyStrokeTimeStamp": "Fri Apr 30 2021 18:51:03",
            "keyStrokeInfo": "e",
            "position": "25,11"
        },
        {
            "operation": "TYPED",
            "lines": 0,
            "keyStrokeTimeStamp": "Fri Apr 30 2021 18:51:03",
            "keyStrokeInfo": "l",
            "position": "25,12"
        },
        {
            "operation": "TYPED",
            "lines": 0,
            "keyStrokeTimeStamp": "Fri Apr 30 2021 18:51:03",
            "keyStrokeInfo": "l",
            "position": "25,13"
        },
        {
            "operation": "TYPED",
            "lines": 0,
            "keyStrokeTimeStamp": "Fri Apr 30 2021 18:51:03",
            "keyStrokeInfo": "o",
            "position": "25,14"
        },
        {
            "operation": "TYPED",
            "lines": 0,
            "keyStrokeTimeStamp": "Fri Apr 30 2021 18:51:03",
            "keyStrokeInfo": "w",
            "position": "25,15"
        },
        {
            "operation": "PASTE",
            "lines": 1,
            "keyStrokeTimeStamp": "Fri Apr 30 2021 18:51:03",
            "keyStrokeInfo": "greenyellow",
            "position": "25,5"
        },
        {
            "operation": "DELETE",
            "lines": 0,
            "keyStrokeTimeStamp": "Fri Apr 30 2021 18:51:18",
            "keyStrokeInfo": "",
            "position": "31,20"
        },
        {
            "operation": "DELETE",
            "lines": 0,
            "keyStrokeTimeStamp": "Fri Apr 30 2021 18:51:19",
            "keyStrokeInfo": "",
            "position": "31,19"
        },
        {
            "operation": "TYPED",
            "lines": 0,
            "keyStrokeTimeStamp": "Fri Apr 30 2021 18:51:19",
            "keyStrokeInfo": "2",
            "position": "31,19"
        },
        {
            "operation": "TYPED",
            "lines": 0,
            "keyStrokeTimeStamp": "Fri Apr 30 2021 18:51:20",
            "keyStrokeInfo": "0",
            "position": "31,20"
        },
        {
            "operation": "DELETE",
            "lines": 0,
            "keyStrokeTimeStamp": "Fri Apr 30 2021 18:51:22",
            "keyStrokeInfo": "",
            "position": "34,42"
        },
        {
            "operation": "DELETE",
            "lines": 0,
            "keyStrokeTimeStamp": "Fri Apr 30 2021 18:51:22",
            "keyStrokeInfo": "",
            "position": "34,41"
        },
        {
            "operation": "DELETE",
            "lines": 0,
            "keyStrokeTimeStamp": "Fri Apr 30 2021 18:51:22",
            "keyStrokeInfo": "",
            "position": "34,40"
        },
        {
            "operation": "DELETE",
            "lines": 0,
            "keyStrokeTimeStamp": "Fri Apr 30 2021 18:51:22",
            "keyStrokeInfo": "",
            "position": "34,39"
        },
        {
            "operation": "DELETE",
            "lines": 0,
            "keyStrokeTimeStamp": "Fri Apr 30 2021 18:51:22",
            "keyStrokeInfo": "",
            "position": "34,38"
        },
        {
            "operation": "DELETE",
            "lines": 0,
            "keyStrokeTimeStamp": "Fri Apr 30 2021 18:51:22",
            "keyStrokeInfo": "",
            "position": "34,37"
        },
        {
            "operation": "DELETE",
            "lines": 0,
            "keyStrokeTimeStamp": "Fri Apr 30 2021 18:51:23",
            "keyStrokeInfo": "",
            "position": "34,36"
        },
        {
            "operation": "DELETE",
            "lines": 0,
            "keyStrokeTimeStamp": "Fri Apr 30 2021 18:51:23",
            "keyStrokeInfo": "",
            "position": "34,35"
        },
        {
            "operation": "DELETE",
            "lines": 0,
            "keyStrokeTimeStamp": "Fri Apr 30 2021 18:51:23",
            "keyStrokeInfo": "",
            "position": "34,34"
        },
        {
            "operation": "DELETE",
            "lines": 0,
            "keyStrokeTimeStamp": "Fri Apr 30 2021 18:51:23",
            "keyStrokeInfo": "",
            "position": "34,33"
        },
        {
            "operation": "DELETE",
            "lines": 0,
            "keyStrokeTimeStamp": "Fri Apr 30 2021 18:51:23",
            "keyStrokeInfo": "",
            "position": "34,32"
        },
        {
            "operation": "DELETE",
            "lines": 0,
            "keyStrokeTimeStamp": "Fri Apr 30 2021 18:51:23",
            "keyStrokeInfo": "",
            "position": "34,31"
        },
        {
            "operation": "DELETE",
            "lines": 0,
            "keyStrokeTimeStamp": "Fri Apr 30 2021 18:51:23",
            "keyStrokeInfo": "",
            "position": "34,30"
        },
        {
            "operation": "DELETE",
            "lines": 0,
            "keyStrokeTimeStamp": "Fri Apr 30 2021 18:51:23",
            "keyStrokeInfo": "",
            "position": "34,29"
        },
        {
            "operation": "DELETE",
            "lines": 0,
            "keyStrokeTimeStamp": "Fri Apr 30 2021 18:51:23",
            "keyStrokeInfo": "",
            "position": "34,28"
        },
        {
            "operation": "TYPED",
            "lines": 0,
            "keyStrokeTimeStamp": "Fri Apr 30 2021 18:51:24",
            "keyStrokeInfo": " ",
            "position": "34,28"
        },
        {
            "operation": "TYPED",
            "lines": 0,
            "keyStrokeTimeStamp": "Fri Apr 30 2021 18:51:24",
            "keyStrokeInfo": "b",
            "position": "34,29"
        },
        {
            "operation": "TYPED",
            "lines": 0,
            "keyStrokeTimeStamp": "Fri Apr 30 2021 18:51:24",
            "keyStrokeInfo": "l",
            "position": "34,30"
        },
        {
            "operation": "TYPED",
            "lines": 0,
            "keyStrokeTimeStamp": "Fri Apr 30 2021 18:51:25",
            "keyStrokeInfo": "a",
            "position": "34,31"
        },
        {
            "operation": "TYPED",
            "lines": 0,
            "keyStrokeTimeStamp": "Fri Apr 30 2021 18:51:25",
            "keyStrokeInfo": "v",
            "position": "34,32"
        },
        {
            "operation": "DELETE",
            "lines": 0,
            "keyStrokeTimeStamp": "Fri Apr 30 2021 18:51:26",
            "keyStrokeInfo": "",
            "position": "34,32"
        },
        {
            "operation": "TYPED",
            "lines": 0,
            "keyStrokeTimeStamp": "Fri Apr 30 2021 18:51:26",
            "keyStrokeInfo": "c",
            "position": "34,32"
        },
        {
            "operation": "TYPED",
            "lines": 0,
            "keyStrokeTimeStamp": "Fri Apr 30 2021 18:51:27",
            "keyStrokeInfo": "k",
            "position": "34,33"
        },
        {
            "operation": "TYPED",
            "lines": 0,
            "keyStrokeTimeStamp": "Fri Apr 30 2021 18:51:27",
            "keyStrokeInfo": "black",
            "position": "34,29"
        }
    ]
}