{
    "game.js": [
        {
            "operation": "DELETE",
            "lines": 0,
            "keyStrokeTimeStamp": "Thu Apr 29 2021 23:19:36",
            "keyStrokeInfo": "",
            "position": "64,16"
        },
        {
            "operation": "DELETE",
            "lines": 0,
            "keyStrokeTimeStamp": "Thu Apr 29 2021 23:19:36",
            "keyStrokeInfo": "",
            "position": "64,15"
        },
        {
            "operation": "DELETE",
            "lines": 0,
            "keyStrokeTimeStamp": "Thu Apr 29 2021 23:19:37",
            "keyStrokeInfo": "",
            "position": "64,14"
        },
        {
            "operation": "TYPED",
            "lines": 0,
            "keyStrokeTimeStamp": "Thu Apr 29 2021 23:19:38",
            "keyStrokeInfo": "b",
            "position": "64,14"
        },
        {
            "operation": "TYPED",
            "lines": 0,
            "keyStrokeTimeStamp": "Thu Apr 29 2021 23:19:38",
            "keyStrokeInfo": "l",
            "position": "64,15"
        },
        {
            "operation": "TYPED",
            "lines": 0,
            "keyStrokeTimeStamp": "Thu Apr 29 2021 23:19:38",
            "keyStrokeInfo": "u",
            "position": "64,16"
        },
        {
            "operation": "TYPED",
            "lines": 0,
            "keyStrokeTimeStamp": "Thu Apr 29 2021 23:19:39",
            "keyStrokeInfo": "e",
            "position": "64,17"
        },
        {
            "operation": "DELETE",
            "lines": 0,
            "keyStrokeTimeStamp": "Thu Apr 29 2021 23:19:41",
            "keyStrokeInfo": "",
            "position": "66,19"
        },
        {
            "operation": "DELETE",
            "lines": 0,
            "keyStrokeTimeStamp": "Thu Apr 29 2021 23:19:42",
            "keyStrokeInfo": "",
            "position": "66,18"
        },
        {
            "operation": "DELETE",
            "lines": 0,
            "keyStrokeTimeStamp": "Thu Apr 29 2021 23:19:42",
            "keyStrokeInfo": "",
            "position": "66,17"
        },
        {
            "operation": "DELETE",
            "lines": 0,
            "keyStrokeTimeStamp": "Thu Apr 29 2021 23:19:42",
            "keyStrokeInfo": "",
            "position": "66,16"
        },
        {
            "operation": "DELETE",
            "lines": 0,
            "keyStrokeTimeStamp": "Thu Apr 29 2021 23:19:42",
            "keyStrokeInfo": "",
            "position": "66,15"
        },
        {
            "operation": "DELETE",
            "lines": 0,
            "keyStrokeTimeStamp": "Thu Apr 29 2021 23:19:42",
            "keyStrokeInfo": "",
            "position": "66,14"
        },
        {
            "operation": "TYPED",
            "lines": 0,
            "keyStrokeTimeStamp": "Thu Apr 29 2021 23:19:43",
            "keyStrokeInfo": "g",
            "position": "66,14"
        },
        {
            "operation": "TYPED",
            "lines": 0,
            "keyStrokeTimeStamp": "Thu Apr 29 2021 23:19:43",
            "keyStrokeInfo": "r",
            "position": "66,15"
        },
        {
            "operation": "TYPED",
            "lines": 0,
            "keyStrokeTimeStamp": "Thu Apr 29 2021 23:19:43",
            "keyStrokeInfo": "e",
            "position": "66,16"
        },
        {
            "operation": "TYPED",
            "lines": 0,
            "keyStrokeTimeStamp": "Thu Apr 29 2021 23:19:44",
            "keyStrokeInfo": "e",
            "position": "66,17"
        },
        {
            "operation": "TYPED",
            "lines": 0,
            "keyStrokeTimeStamp": "Thu Apr 29 2021 23:19:44",
            "keyStrokeInfo": "n",
            "position": "66,18"
        }
    ],
    "Home.js": [
        {
            "operation": "DELETE",
            "lines": 0,
            "keyStrokeTimeStamp": "Thu Apr 29 2021 23:24:55",
            "keyStrokeInfo": "",
            "position": "9,17"
        },
        {
            "operation": "PASTE",
            "lines": 1,
            "keyStrokeTimeStamp": "Thu Apr 29 2021 23:25:08",
            "keyStrokeInfo": "First, decide who goes first and what color each player will have. ",
            "position": "9,17"
        },
        {
            "operation": "DELETE",
            "lines": 0,
            "keyStrokeTimeStamp": "Thu Apr 29 2021 23:25:18",
            "keyStrokeInfo": "",
            "position": "10,17"
        },
        {
            "operation": "PASTE",
            "lines": 1,
            "keyStrokeTimeStamp": "Thu Apr 29 2021 23:25:24",
            "keyStrokeInfo": "Players must alternate turns, and only one disc can be dropped in each turn. ",
            "position": "10,17"
        },
        {
            "operation": "DELETE",
            "lines": 0,
            "keyStrokeTimeStamp": "Thu Apr 29 2021 23:25:39",
            "keyStrokeInfo": "",
            "position": "11,17"
        },
        {
            "operation": "PASTE",
            "lines": 1,
            "keyStrokeTimeStamp": "Thu Apr 29 2021 23:25:40",
            "keyStrokeInfo": "On your turn, drop one of your colored discs from the top into any of the seven slots. ",
            "position": "11,17"
        },
        {
            "operation": "DELETE",
            "lines": 0,
            "keyStrokeTimeStamp": "Thu Apr 29 2021 23:25:52",
            "keyStrokeInfo": "",
            "position": "12,17"
        },
        {
            "operation": "PASTE",
            "lines": 1,
            "keyStrokeTimeStamp": "Thu Apr 29 2021 23:25:53",
            "keyStrokeInfo": "The game ends when there is a 4-in-a-row or a stalemate.",
            "position": "12,17"
        },
        {
            "operation": "PASTE",
            "lines": 1,
            "keyStrokeTimeStamp": "Thu Apr 29 2021 23:26:09",
            "keyStrokeInfo": "The starter of the previous game goes second on the next game.",
            "position": "13,17"
        }
    ],
    "index.css": [
        {
            "operation": "DELETE",
            "lines": 0,
            "keyStrokeTimeStamp": "Thu Apr 29 2021 23:26:26",
            "keyStrokeInfo": "",
            "position": "4,22"
        },
        {
            "operation": "DELETE",
            "lines": 0,
            "keyStrokeTimeStamp": "Thu Apr 29 2021 23:26:26",
            "keyStrokeInfo": "",
            "position": "4,21"
        },
        {
            "operation": "DELETE",
            "lines": 0,
            "keyStrokeTimeStamp": "Thu Apr 29 2021 23:26:26",
            "keyStrokeInfo": "",
            "position": "4,20"
        },
        {
            "operation": "DELETE",
            "lines": 0,
            "keyStrokeTimeStamp": "Thu Apr 29 2021 23:26:26",
            "keyStrokeInfo": "",
            "position": "4,19"
        },
        {
            "operation": "DELETE",
            "lines": 0,
            "keyStrokeTimeStamp": "Thu Apr 29 2021 23:26:26",
            "keyStrokeInfo": "",
            "position": "4,18"
        },
        {
            "operation": "DELETE",
            "lines": 0,
            "keyStrokeTimeStamp": "Thu Apr 29 2021 23:26:26",
            "keyStrokeInfo": "",
            "position": "4,17"
        },
        {
            "operation": "DELETE",
            "lines": 0,
            "keyStrokeTimeStamp": "Thu Apr 29 2021 23:26:26",
            "keyStrokeInfo": "",
            "position": "4,16"
        },
        {
            "operation": "DELETE",
            "lines": 0,
            "keyStrokeTimeStamp": "Thu Apr 29 2021 23:26:26",
            "keyStrokeInfo": "",
            "position": "4,15"
        },
        {
            "operation": "DELETE",
            "lines": 0,
            "keyStrokeTimeStamp": "Thu Apr 29 2021 23:26:26",
            "keyStrokeInfo": "",
            "position": "4,14"
        },
        {
            "operation": "DELETE",
            "lines": 0,
            "keyStrokeTimeStamp": "Thu Apr 29 2021 23:26:26",
            "keyStrokeInfo": "",
            "position": "4,13"
        },
        {
            "operation": "DELETE",
            "lines": 0,
            "keyStrokeTimeStamp": "Thu Apr 29 2021 23:26:27",
            "keyStrokeInfo": "",
            "position": "4,12"
        },
        {
            "operation": "DELETE",
            "lines": 0,
            "keyStrokeTimeStamp": "Thu Apr 29 2021 23:26:27",
            "keyStrokeInfo": "",
            "position": "4,11"
        },
        {
            "operation": "DELETE",
            "lines": 0,
            "keyStrokeTimeStamp": "Thu Apr 29 2021 23:26:27",
            "keyStrokeInfo": "",
            "position": "4,10"
        },
        {
            "operation": "DELETE",
            "lines": 0,
            "keyStrokeTimeStamp": "Thu Apr 29 2021 23:26:27",
            "keyStrokeInfo": "",
            "position": "4,9"
        },
        {
            "operation": "DELETE",
            "lines": 0,
            "keyStrokeTimeStamp": "Thu Apr 29 2021 23:26:27",
            "keyStrokeInfo": "",
            "position": "4,8"
        },
        {
            "operation": "DELETE",
            "lines": 0,
            "keyStrokeTimeStamp": "Thu Apr 29 2021 23:26:28",
            "keyStrokeInfo": "",
            "position": "4,7"
        },
        {
            "operation": "DELETE",
            "lines": 0,
            "keyStrokeTimeStamp": "Thu Apr 29 2021 23:26:29",
            "keyStrokeInfo": "",
            "position": "4,6"
        },
        {
            "operation": "DELETE",
            "lines": 0,
            "keyStrokeTimeStamp": "Thu Apr 29 2021 23:26:30",
            "keyStrokeInfo": "",
            "position": "4,5"
        },
        {
            "operation": "TYPED",
            "lines": 0,
            "keyStrokeTimeStamp": "Thu Apr 29 2021 23:26:34",
            "keyStrokeInfo": "w",
            "position": "4,5"
        },
        {
            "operation": "TYPED",
            "lines": 0,
            "keyStrokeTimeStamp": "Thu Apr 29 2021 23:26:34",
            "keyStrokeInfo": "h",
            "position": "4,6"
        },
        {
            "operation": "TYPED",
            "lines": 0,
            "keyStrokeTimeStamp": "Thu Apr 29 2021 23:26:34",
            "keyStrokeInfo": "i",
            "position": "4,7"
        },
        {
            "operation": "TYPED",
            "lines": 0,
            "keyStrokeTimeStamp": "Thu Apr 29 2021 23:26:35",
            "keyStrokeInfo": "t",
            "position": "4,8"
        },
        {
            "operation": "TYPED",
            "lines": 0,
            "keyStrokeTimeStamp": "Thu Apr 29 2021 23:26:35",
            "keyStrokeInfo": "e",
            "position": "4,9"
        },
        {
            "operation": "DELETE",
            "lines": 0,
            "keyStrokeTimeStamp": "Thu Apr 29 2021 23:26:37",
            "keyStrokeInfo": "",
            "position": "5,22"
        },
        {
            "operation": "DELETE",
            "lines": 0,
            "keyStrokeTimeStamp": "Thu Apr 29 2021 23:26:37",
            "keyStrokeInfo": "",
            "position": "5,21"
        },
        {
            "operation": "DELETE",
            "lines": 0,
            "keyStrokeTimeStamp": "Thu Apr 29 2021 23:26:37",
            "keyStrokeInfo": "",
            "position": "5,20"
        },
        {
            "operation": "DELETE",
            "lines": 0,
            "keyStrokeTimeStamp": "Thu Apr 29 2021 23:26:37",
            "keyStrokeInfo": "",
            "position": "5,19"
        },
        {
            "operation": "DELETE",
            "lines": 0,
            "keyStrokeTimeStamp": "Thu Apr 29 2021 23:26:37",
            "keyStrokeInfo": "",
            "position": "5,18"
        },
        {
            "operation": "DELETE",
            "lines": 0,
            "keyStrokeTimeStamp": "Thu Apr 29 2021 23:26:37",
            "keyStrokeInfo": "",
            "position": "5,17"
        },
        {
            "operation": "DELETE",
            "lines": 0,
            "keyStrokeTimeStamp": "Thu Apr 29 2021 23:26:37",
            "keyStrokeInfo": "",
            "position": "5,16"
        },
        {
            "operation": "DELETE",
            "lines": 0,
            "keyStrokeTimeStamp": "Thu Apr 29 2021 23:26:37",
            "keyStrokeInfo": "",
            "position": "5,15"
        },
        {
            "operation": "DELETE",
            "lines": 0,
            "keyStrokeTimeStamp": "Thu Apr 29 2021 23:26:37",
            "keyStrokeInfo": "",
            "position": "5,14"
        },
        {
            "operation": "DELETE",
            "lines": 0,
            "keyStrokeTimeStamp": "Thu Apr 29 2021 23:26:37",
            "keyStrokeInfo": "",
            "position": "5,13"
        },
        {
            "operation": "DELETE",
            "lines": 0,
            "keyStrokeTimeStamp": "Thu Apr 29 2021 23:26:37",
            "keyStrokeInfo": "",
            "position": "5,12"
        },
        {
            "operation": "DELETE",
            "lines": 0,
            "keyStrokeTimeStamp": "Thu Apr 29 2021 23:26:37",
            "keyStrokeInfo": "",
            "position": "5,11"
        },
        {
            "operation": "DELETE",
            "lines": 0,
            "keyStrokeTimeStamp": "Thu Apr 29 2021 23:26:37",
            "keyStrokeInfo": "",
            "position": "5,10"
        },
        {
            "operation": "DELETE",
            "lines": 0,
            "keyStrokeTimeStamp": "Thu Apr 29 2021 23:26:37",
            "keyStrokeInfo": "",
            "position": "5,9"
        },
        {
            "operation": "DELETE",
            "lines": 0,
            "keyStrokeTimeStamp": "Thu Apr 29 2021 23:26:37",
            "keyStrokeInfo": "",
            "position": "5,8"
        },
        {
            "operation": "DELETE",
            "lines": 0,
            "keyStrokeTimeStamp": "Thu Apr 29 2021 23:26:38",
            "keyStrokeInfo": "",
            "position": "5,7"
        },
        {
            "operation": "DELETE",
            "lines": 0,
            "keyStrokeTimeStamp": "Thu Apr 29 2021 23:26:38",
            "keyStrokeInfo": "",
            "position": "5,6"
        },
        {
            "operation": "DELETE",
            "lines": 0,
            "keyStrokeTimeStamp": "Thu Apr 29 2021 23:26:38",
            "keyStrokeInfo": "",
            "position": "5,5"
        },
        {
            "operation": "TYPED",
            "lines": 0,
            "keyStrokeTimeStamp": "Thu Apr 29 2021 23:26:39",
            "keyStrokeInfo": "w",
            "position": "5,5"
        },
        {
            "operation": "TYPED",
            "lines": 0,
            "keyStrokeTimeStamp": "Thu Apr 29 2021 23:26:39",
            "keyStrokeInfo": "h",
            "position": "5,6"
        },
        {
            "operation": "TYPED",
            "lines": 0,
            "keyStrokeTimeStamp": "Thu Apr 29 2021 23:26:40",
            "keyStrokeInfo": "i",
            "position": "5,7"
        },
        {
            "operation": "TYPED",
            "lines": 0,
            "keyStrokeTimeStamp": "Thu Apr 29 2021 23:26:40",
            "keyStrokeInfo": "t",
            "position": "5,8"
        },
        {
            "operation": "TYPED",
            "lines": 0,
            "keyStrokeTimeStamp": "Thu Apr 29 2021 23:26:40",
            "keyStrokeInfo": "e",
            "position": "5,9"
        }
    ],
    "Main.js": [
        {
            "operation": "TYPED",
            "lines": 0,
            "keyStrokeTimeStamp": "Thu Apr 29 2021 23:27:01",
            "keyStrokeInfo": " ",
            "position": "15,27"
        },
        {
            "operation": "DELETE",
            "lines": 0,
            "keyStrokeTimeStamp": "Thu Apr 29 2021 23:27:02",
            "keyStrokeInfo": "",
            "position": "15,27"
        },
        {
            "operation": "TYPED",
            "lines": 0,
            "keyStrokeTimeStamp": "Thu Apr 29 2021 23:27:08",
            "keyStrokeInfo": "r",
            "position": "18,50"
        },
        {
            "operation": "TYPED",
            "lines": 0,
            "keyStrokeTimeStamp": "Thu Apr 29 2021 23:27:08",
            "keyStrokeInfo": "m",
            "position": "18,51"
        },
        {
            "operation": "TYPED",
            "lines": 0,
            "keyStrokeTimeStamp": "Thu Apr 29 2021 23:27:08",
            "keyStrokeInfo": "a",
            "position": "18,52"
        },
        {
            "operation": "TYPED",
            "lines": 0,
            "keyStrokeTimeStamp": "Thu Apr 29 2021 23:27:08",
            "keyStrokeInfo": "t",
            "position": "18,53"
        },
        {
            "operation": "TYPED",
            "lines": 0,
            "keyStrokeTimeStamp": "Thu Apr 29 2021 23:27:09",
            "keyStrokeInfo": "i",
            "position": "18,54"
        },
        {
            "operation": "TYPED",
            "lines": 0,
            "keyStrokeTimeStamp": "Thu Apr 29 2021 23:27:09",
            "keyStrokeInfo": "o",
            "position": "18,55"
        },
        {
            "operation": "TYPED",
            "lines": 0,
            "keyStrokeTimeStamp": "Thu Apr 29 2021 23:27:09",
            "keyStrokeInfo": "n",
            "position": "18,56"
        }
    ],
    "player.css": [
        {
            "operation": "DELETE",
            "lines": 0,
            "keyStrokeTimeStamp": "Thu Apr 29 2021 23:27:48",
            "keyStrokeInfo": "",
            "position": "4,22"
        },
        {
            "operation": "DELETE",
            "lines": 0,
            "keyStrokeTimeStamp": "Thu Apr 29 2021 23:27:49",
            "keyStrokeInfo": "",
            "position": "4,21"
        },
        {
            "operation": "DELETE",
            "lines": 0,
            "keyStrokeTimeStamp": "Thu Apr 29 2021 23:27:49",
            "keyStrokeInfo": "",
            "position": "4,20"
        },
        {
            "operation": "DELETE",
            "lines": 0,
            "keyStrokeTimeStamp": "Thu Apr 29 2021 23:27:49",
            "keyStrokeInfo": "",
            "position": "4,19"
        },
        {
            "operation": "DELETE",
            "lines": 0,
            "keyStrokeTimeStamp": "Thu Apr 29 2021 23:27:49",
            "keyStrokeInfo": "",
            "position": "4,18"
        },
        {
            "operation": "DELETE",
            "lines": 0,
            "keyStrokeTimeStamp": "Thu Apr 29 2021 23:27:49",
            "keyStrokeInfo": "",
            "position": "4,17"
        },
        {
            "operation": "DELETE",
            "lines": 0,
            "keyStrokeTimeStamp": "Thu Apr 29 2021 23:27:49",
            "keyStrokeInfo": "",
            "position": "4,16"
        },
        {
            "operation": "DELETE",
            "lines": 0,
            "keyStrokeTimeStamp": "Thu Apr 29 2021 23:27:49",
            "keyStrokeInfo": "",
            "position": "4,15"
        },
        {
            "operation": "DELETE",
            "lines": 0,
            "keyStrokeTimeStamp": "Thu Apr 29 2021 23:27:49",
            "keyStrokeInfo": "",
            "position": "4,14"
        },
        {
            "operation": "DELETE",
            "lines": 0,
            "keyStrokeTimeStamp": "Thu Apr 29 2021 23:27:49",
            "keyStrokeInfo": "",
            "position": "4,13"
        },
        {
            "operation": "DELETE",
            "lines": 0,
            "keyStrokeTimeStamp": "Thu Apr 29 2021 23:27:49",
            "keyStrokeInfo": "",
            "position": "4,12"
        },
        {
            "operation": "DELETE",
            "lines": 0,
            "keyStrokeTimeStamp": "Thu Apr 29 2021 23:27:49",
            "keyStrokeInfo": "",
            "position": "4,11"
        },
        {
            "operation": "DELETE",
            "lines": 0,
            "keyStrokeTimeStamp": "Thu Apr 29 2021 23:27:49",
            "keyStrokeInfo": "",
            "position": "4,10"
        },
        {
            "operation": "DELETE",
            "lines": 0,
            "keyStrokeTimeStamp": "Thu Apr 29 2021 23:27:49",
            "keyStrokeInfo": "",
            "position": "4,9"
        },
        {
            "operation": "DELETE",
            "lines": 0,
            "keyStrokeTimeStamp": "Thu Apr 29 2021 23:27:49",
            "keyStrokeInfo": "",
            "position": "4,8"
        },
        {
            "operation": "DELETE",
            "lines": 0,
            "keyStrokeTimeStamp": "Thu Apr 29 2021 23:27:49",
            "keyStrokeInfo": "",
            "position": "4,7"
        },
        {
            "operation": "DELETE",
            "lines": 0,
            "keyStrokeTimeStamp": "Thu Apr 29 2021 23:27:49",
            "keyStrokeInfo": "",
            "position": "4,6"
        },
        {
            "operation": "DELETE",
            "lines": 0,
            "keyStrokeTimeStamp": "Thu Apr 29 2021 23:27:49",
            "keyStrokeInfo": "",
            "position": "4,5"
        },
        {
            "operation": "DELETE",
            "lines": 0,
            "keyStrokeTimeStamp": "Thu Apr 29 2021 23:27:50",
            "keyStrokeInfo": "",
            "position": "4,3"
        },
        {
            "operation": "TYPED",
            "lines": 0,
            "keyStrokeTimeStamp": "Thu Apr 29 2021 23:27:51",
            "keyStrokeInfo": "  ",
            "position": "4,3"
        },
        {
            "operation": "TYPED",
            "lines": 0,
            "keyStrokeTimeStamp": "Thu Apr 29 2021 23:27:52",
            "keyStrokeInfo": "w",
            "position": "4,5"
        },
        {
            "operation": "TYPED",
            "lines": 0,
            "keyStrokeTimeStamp": "Thu Apr 29 2021 23:27:53",
            "keyStrokeInfo": "h",
            "position": "4,6"
        },
        {
            "operation": "TYPED",
            "lines": 0,
            "keyStrokeTimeStamp": "Thu Apr 29 2021 23:27:53",
            "keyStrokeInfo": "i",
            "position": "4,7"
        },
        {
            "operation": "TYPED",
            "lines": 0,
            "keyStrokeTimeStamp": "Thu Apr 29 2021 23:27:53",
            "keyStrokeInfo": "t",
            "position": "4,8"
        },
        {
            "operation": "TYPED",
            "lines": 0,
            "keyStrokeTimeStamp": "Thu Apr 29 2021 23:27:53",
            "keyStrokeInfo": "e",
            "position": "4,9"
        },
        {
            "operation": "TYPED",
            "lines": 0,
            "keyStrokeTimeStamp": "Thu Apr 29 2021 23:27:54",
            "keyStrokeInfo": "white",
            "position": "4,5"
        },
        {
            "operation": "DELETE",
            "lines": 0,
            "keyStrokeTimeStamp": "Thu Apr 29 2021 23:27:57",
            "keyStrokeInfo": "",
            "position": "5,22"
        },
        {
            "operation": "DELETE",
            "lines": 0,
            "keyStrokeTimeStamp": "Thu Apr 29 2021 23:27:57",
            "keyStrokeInfo": "",
            "position": "5,21"
        },
        {
            "operation": "DELETE",
            "lines": 0,
            "keyStrokeTimeStamp": "Thu Apr 29 2021 23:27:58",
            "keyStrokeInfo": "",
            "position": "5,20"
        },
        {
            "operation": "DELETE",
            "lines": 0,
            "keyStrokeTimeStamp": "Thu Apr 29 2021 23:27:58",
            "keyStrokeInfo": "",
            "position": "5,19"
        },
        {
            "operation": "DELETE",
            "lines": 0,
            "keyStrokeTimeStamp": "Thu Apr 29 2021 23:27:58",
            "keyStrokeInfo": "",
            "position": "5,18"
        },
        {
            "operation": "DELETE",
            "lines": 0,
            "keyStrokeTimeStamp": "Thu Apr 29 2021 23:27:58",
            "keyStrokeInfo": "",
            "position": "5,17"
        },
        {
            "operation": "DELETE",
            "lines": 0,
            "keyStrokeTimeStamp": "Thu Apr 29 2021 23:27:58",
            "keyStrokeInfo": "",
            "position": "5,16"
        },
        {
            "operation": "DELETE",
            "lines": 0,
            "keyStrokeTimeStamp": "Thu Apr 29 2021 23:27:58",
            "keyStrokeInfo": "",
            "position": "5,15"
        },
        {
            "operation": "DELETE",
            "lines": 0,
            "keyStrokeTimeStamp": "Thu Apr 29 2021 23:27:58",
            "keyStrokeInfo": "",
            "position": "5,14"
        },
        {
            "operation": "DELETE",
            "lines": 0,
            "keyStrokeTimeStamp": "Thu Apr 29 2021 23:27:58",
            "keyStrokeInfo": "",
            "position": "5,13"
        },
        {
            "operation": "DELETE",
            "lines": 0,
            "keyStrokeTimeStamp": "Thu Apr 29 2021 23:27:58",
            "keyStrokeInfo": "",
            "position": "5,12"
        },
        {
            "operation": "DELETE",
            "lines": 0,
            "keyStrokeTimeStamp": "Thu Apr 29 2021 23:27:58",
            "keyStrokeInfo": "",
            "position": "5,11"
        },
        {
            "operation": "DELETE",
            "lines": 0,
            "keyStrokeTimeStamp": "Thu Apr 29 2021 23:27:58",
            "keyStrokeInfo": "",
            "position": "5,10"
        },
        {
            "operation": "DELETE",
            "lines": 0,
            "keyStrokeTimeStamp": "Thu Apr 29 2021 23:27:58",
            "keyStrokeInfo": "",
            "position": "5,9"
        },
        {
            "operation": "DELETE",
            "lines": 0,
            "keyStrokeTimeStamp": "Thu Apr 29 2021 23:27:58",
            "keyStrokeInfo": "",
            "position": "5,8"
        },
        {
            "operation": "DELETE",
            "lines": 0,
            "keyStrokeTimeStamp": "Thu Apr 29 2021 23:27:58",
            "keyStrokeInfo": "",
            "position": "5,7"
        },
        {
            "operation": "DELETE",
            "lines": 0,
            "keyStrokeTimeStamp": "Thu Apr 29 2021 23:27:58",
            "keyStrokeInfo": "",
            "position": "5,6"
        },
        {
            "operation": "DELETE",
            "lines": 0,
            "keyStrokeTimeStamp": "Thu Apr 29 2021 23:27:59",
            "keyStrokeInfo": "",
            "position": "5,5"
        },
        {
            "operation": "TYPED",
            "lines": 0,
            "keyStrokeTimeStamp": "Thu Apr 29 2021 23:27:59",
            "keyStrokeInfo": "w",
            "position": "5,5"
        },
        {
            "operation": "TYPED",
            "lines": 0,
            "keyStrokeTimeStamp": "Thu Apr 29 2021 23:28:00",
            "keyStrokeInfo": "h",
            "position": "5,6"
        },
        {
            "operation": "TYPED",
            "lines": 0,
            "keyStrokeTimeStamp": "Thu Apr 29 2021 23:28:00",
            "keyStrokeInfo": "i",
            "position": "5,7"
        },
        {
            "operation": "TYPED",
            "lines": 0,
            "keyStrokeTimeStamp": "Thu Apr 29 2021 23:28:00",
            "keyStrokeInfo": "t",
            "position": "5,8"
        },
        {
            "operation": "TYPED",
            "lines": 0,
            "keyStrokeTimeStamp": "Thu Apr 29 2021 23:28:00",
            "keyStrokeInfo": "e",
            "position": "5,9"
        },
        {
            "operation": "TYPED",
            "lines": 0,
            "keyStrokeTimeStamp": "Thu Apr 29 2021 23:28:01",
            "keyStrokeInfo": "white",
            "position": "5,5"
        },
        {
            "operation": "DELETE",
            "lines": 0,
            "keyStrokeTimeStamp": "Thu Apr 29 2021 23:28:05",
            "keyStrokeInfo": "",
            "position": "14,42"
        },
        {
            "operation": "DELETE",
            "lines": 0,
            "keyStrokeTimeStamp": "Thu Apr 29 2021 23:28:06",
            "keyStrokeInfo": "",
            "position": "14,41"
        },
        {
            "operation": "DELETE",
            "lines": 0,
            "keyStrokeTimeStamp": "Thu Apr 29 2021 23:28:06",
            "keyStrokeInfo": "",
            "position": "14,40"
        },
        {
            "operation": "DELETE",
            "lines": 0,
            "keyStrokeTimeStamp": "Thu Apr 29 2021 23:28:06",
            "keyStrokeInfo": "",
            "position": "14,39"
        },
        {
            "operation": "DELETE",
            "lines": 0,
            "keyStrokeTimeStamp": "Thu Apr 29 2021 23:28:06",
            "keyStrokeInfo": "",
            "position": "14,38"
        },
        {
            "operation": "DELETE",
            "lines": 0,
            "keyStrokeTimeStamp": "Thu Apr 29 2021 23:28:06",
            "keyStrokeInfo": "",
            "position": "14,37"
        },
        {
            "operation": "DELETE",
            "lines": 0,
            "keyStrokeTimeStamp": "Thu Apr 29 2021 23:28:06",
            "keyStrokeInfo": "",
            "position": "14,36"
        },
        {
            "operation": "DELETE",
            "lines": 0,
            "keyStrokeTimeStamp": "Thu Apr 29 2021 23:28:06",
            "keyStrokeInfo": "",
            "position": "14,35"
        },
        {
            "operation": "DELETE",
            "lines": 0,
            "keyStrokeTimeStamp": "Thu Apr 29 2021 23:28:06",
            "keyStrokeInfo": "",
            "position": "14,34"
        },
        {
            "operation": "DELETE",
            "lines": 0,
            "keyStrokeTimeStamp": "Thu Apr 29 2021 23:28:06",
            "keyStrokeInfo": "",
            "position": "14,33"
        },
        {
            "operation": "DELETE",
            "lines": 0,
            "keyStrokeTimeStamp": "Thu Apr 29 2021 23:28:06",
            "keyStrokeInfo": "",
            "position": "14,32"
        },
        {
            "operation": "DELETE",
            "lines": 0,
            "keyStrokeTimeStamp": "Thu Apr 29 2021 23:28:06",
            "keyStrokeInfo": "",
            "position": "14,31"
        },
        {
            "operation": "DELETE",
            "lines": 0,
            "keyStrokeTimeStamp": "Thu Apr 29 2021 23:28:06",
            "keyStrokeInfo": "",
            "position": "14,30"
        },
        {
            "operation": "DELETE",
            "lines": 0,
            "keyStrokeTimeStamp": "Thu Apr 29 2021 23:28:07",
            "keyStrokeInfo": "",
            "position": "14,29"
        },
        {
            "operation": "TYPED",
            "lines": 0,
            "keyStrokeTimeStamp": "Thu Apr 29 2021 23:28:08",
            "keyStrokeInfo": "b",
            "position": "14,29"
        },
        {
            "operation": "TYPED",
            "lines": 0,
            "keyStrokeTimeStamp": "Thu Apr 29 2021 23:28:08",
            "keyStrokeInfo": "l",
            "position": "14,30"
        },
        {
            "operation": "TYPED",
            "lines": 0,
            "keyStrokeTimeStamp": "Thu Apr 29 2021 23:28:08",
            "keyStrokeInfo": "a",
            "position": "14,31"
        },
        {
            "operation": "TYPED",
            "lines": 0,
            "keyStrokeTimeStamp": "Thu Apr 29 2021 23:28:09",
            "keyStrokeInfo": "c",
            "position": "14,32"
        },
        {
            "operation": "TYPED",
            "lines": 0,
            "keyStrokeTimeStamp": "Thu Apr 29 2021 23:28:09",
            "keyStrokeInfo": "k",
            "position": "14,33"
        },
        {
            "operation": "TYPED",
            "lines": 0,
            "keyStrokeTimeStamp": "Thu Apr 29 2021 23:28:10",
            "keyStrokeInfo": "black",
            "position": "14,29"
        },
        {
            "operation": "DELETE",
            "lines": 0,
            "keyStrokeTimeStamp": "Thu Apr 29 2021 23:28:12",
            "keyStrokeInfo": "",
            "position": "4,9"
        },
        {
            "operation": "DELETE",
            "lines": 0,
            "keyStrokeTimeStamp": "Thu Apr 29 2021 23:28:12",
            "keyStrokeInfo": "",
            "position": "4,8"
        },
        {
            "operation": "DELETE",
            "lines": 0,
            "keyStrokeTimeStamp": "Thu Apr 29 2021 23:28:13",
            "keyStrokeInfo": "",
            "position": "4,7"
        },
        {
            "operation": "DELETE",
            "lines": 0,
            "keyStrokeTimeStamp": "Thu Apr 29 2021 23:28:13",
            "keyStrokeInfo": "",
            "position": "4,6"
        },
        {
            "operation": "DELETE",
            "lines": 0,
            "keyStrokeTimeStamp": "Thu Apr 29 2021 23:28:13",
            "keyStrokeInfo": "",
            "position": "4,5"
        },
        {
            "operation": "TYPED",
            "lines": 0,
            "keyStrokeTimeStamp": "Thu Apr 29 2021 23:28:14",
            "keyStrokeInfo": "g",
            "position": "4,5"
        },
        {
            "operation": "TYPED",
            "lines": 0,
            "keyStrokeTimeStamp": "Thu Apr 29 2021 23:28:15",
            "keyStrokeInfo": "r",
            "position": "4,6"
        },
        {
            "operation": "TYPED",
            "lines": 0,
            "keyStrokeTimeStamp": "Thu Apr 29 2021 23:28:15",
            "keyStrokeInfo": "e",
            "position": "4,7"
        },
        {
            "operation": "TYPED",
            "lines": 0,
            "keyStrokeTimeStamp": "Thu Apr 29 2021 23:28:15",
            "keyStrokeInfo": "e",
            "position": "4,8"
        },
        {
            "operation": "TYPED",
            "lines": 0,
            "keyStrokeTimeStamp": "Thu Apr 29 2021 23:28:15",
            "keyStrokeInfo": "n",
            "position": "4,9"
        },
        {
            "operation": "TYPED",
            "lines": 0,
            "keyStrokeTimeStamp": "Thu Apr 29 2021 23:28:16",
            "keyStrokeInfo": "y",
            "position": "4,10"
        },
        {
            "operation": "TYPED",
            "lines": 0,
            "keyStrokeTimeStamp": "Thu Apr 29 2021 23:28:17",
            "keyStrokeInfo": "e",
            "position": "4,11"
        },
        {
            "operation": "TYPED",
            "lines": 0,
            "keyStrokeTimeStamp": "Thu Apr 29 2021 23:28:18",
            "keyStrokeInfo": "l",
            "position": "4,12"
        },
        {
            "operation": "TYPED",
            "lines": 0,
            "keyStrokeTimeStamp": "Thu Apr 29 2021 23:28:18",
            "keyStrokeInfo": "l",
            "position": "4,13"
        },
        {
            "operation": "TYPED",
            "lines": 0,
            "keyStrokeTimeStamp": "Thu Apr 29 2021 23:28:18",
            "keyStrokeInfo": "o",
            "position": "4,14"
        },
        {
            "operation": "TYPED",
            "lines": 0,
            "keyStrokeTimeStamp": "Thu Apr 29 2021 23:28:19",
            "keyStrokeInfo": "w",
            "position": "4,15"
        },
        {
            "operation": "DELETE",
            "lines": 0,
            "keyStrokeTimeStamp": "Thu Apr 29 2021 23:28:22",
            "keyStrokeInfo": "",
            "position": "5,9"
        },
        {
            "operation": "DELETE",
            "lines": 0,
            "keyStrokeTimeStamp": "Thu Apr 29 2021 23:28:23",
            "keyStrokeInfo": "",
            "position": "5,8"
        },
        {
            "operation": "DELETE",
            "lines": 0,
            "keyStrokeTimeStamp": "Thu Apr 29 2021 23:28:23",
            "keyStrokeInfo": "",
            "position": "5,7"
        },
        {
            "operation": "DELETE",
            "lines": 0,
            "keyStrokeTimeStamp": "Thu Apr 29 2021 23:28:23",
            "keyStrokeInfo": "",
            "position": "5,6"
        },
        {
            "operation": "DELETE",
            "lines": 0,
            "keyStrokeTimeStamp": "Thu Apr 29 2021 23:28:23",
            "keyStrokeInfo": "",
            "position": "5,5"
        },
        {
            "operation": "TYPED",
            "lines": 0,
            "keyStrokeTimeStamp": "Thu Apr 29 2021 23:28:25",
            "keyStrokeInfo": "g",
            "position": "5,5"
        },
        {
            "operation": "TYPED",
            "lines": 0,
            "keyStrokeTimeStamp": "Thu Apr 29 2021 23:28:25",
            "keyStrokeInfo": "r",
            "position": "5,6"
        },
        {
            "operation": "TYPED",
            "lines": 0,
            "keyStrokeTimeStamp": "Thu Apr 29 2021 23:28:25",
            "keyStrokeInfo": "e",
            "position": "5,7"
        },
        {
            "operation": "TYPED",
            "lines": 0,
            "keyStrokeTimeStamp": "Thu Apr 29 2021 23:28:25",
            "keyStrokeInfo": "e",
            "position": "5,8"
        },
        {
            "operation": "PASTE",
            "lines": 1,
            "keyStrokeTimeStamp": "Thu Apr 29 2021 23:28:27",
            "keyStrokeInfo": "greenyellow",
            "position": "5,5"
        },
        {
            "operation": "DELETE",
            "lines": 0,
            "keyStrokeTimeStamp": "Thu Apr 29 2021 23:28:37",
            "keyStrokeInfo": "",
            "position": "24,22"
        },
        {
            "operation": "DELETE",
            "lines": 0,
            "keyStrokeTimeStamp": "Thu Apr 29 2021 23:28:37",
            "keyStrokeInfo": "",
            "position": "24,21"
        },
        {
            "operation": "DELETE",
            "lines": 0,
            "keyStrokeTimeStamp": "Thu Apr 29 2021 23:28:37",
            "keyStrokeInfo": "",
            "position": "24,20"
        },
        {
            "operation": "DELETE",
            "lines": 0,
            "keyStrokeTimeStamp": "Thu Apr 29 2021 23:28:37",
            "keyStrokeInfo": "",
            "position": "24,19"
        },
        {
            "operation": "DELETE",
            "lines": 0,
            "keyStrokeTimeStamp": "Thu Apr 29 2021 23:28:37",
            "keyStrokeInfo": "",
            "position": "24,18"
        },
        {
            "operation": "DELETE",
            "lines": 0,
            "keyStrokeTimeStamp": "Thu Apr 29 2021 23:28:37",
            "keyStrokeInfo": "",
            "position": "24,17"
        },
        {
            "operation": "DELETE",
            "lines": 0,
            "keyStrokeTimeStamp": "Thu Apr 29 2021 23:28:37",
            "keyStrokeInfo": "",
            "position": "24,16"
        },
        {
            "operation": "DELETE",
            "lines": 0,
            "keyStrokeTimeStamp": "Thu Apr 29 2021 23:28:37",
            "keyStrokeInfo": "",
            "position": "24,15"
        },
        {
            "operation": "DELETE",
            "lines": 0,
            "keyStrokeTimeStamp": "Thu Apr 29 2021 23:28:37",
            "keyStrokeInfo": "",
            "position": "24,14"
        },
        {
            "operation": "DELETE",
            "lines": 0,
            "keyStrokeTimeStamp": "Thu Apr 29 2021 23:28:37",
            "keyStrokeInfo": "",
            "position": "24,13"
        },
        {
            "operation": "DELETE",
            "lines": 0,
            "keyStrokeTimeStamp": "Thu Apr 29 2021 23:28:37",
            "keyStrokeInfo": "",
            "position": "24,12"
        },
        {
            "operation": "DELETE",
            "lines": 0,
            "keyStrokeTimeStamp": "Thu Apr 29 2021 23:28:37",
            "keyStrokeInfo": "",
            "position": "24,11"
        },
        {
            "operation": "DELETE",
            "lines": 0,
            "keyStrokeTimeStamp": "Thu Apr 29 2021 23:28:37",
            "keyStrokeInfo": "",
            "position": "24,10"
        },
        {
            "operation": "DELETE",
            "lines": 0,
            "keyStrokeTimeStamp": "Thu Apr 29 2021 23:28:37",
            "keyStrokeInfo": "",
            "position": "24,9"
        },
        {
            "operation": "DELETE",
            "lines": 0,
            "keyStrokeTimeStamp": "Thu Apr 29 2021 23:28:37",
            "keyStrokeInfo": "",
            "position": "24,8"
        },
        {
            "operation": "DELETE",
            "lines": 0,
            "keyStrokeTimeStamp": "Thu Apr 29 2021 23:28:38",
            "keyStrokeInfo": "",
            "position": "24,7"
        },
        {
            "operation": "DELETE",
            "lines": 0,
            "keyStrokeTimeStamp": "Thu Apr 29 2021 23:28:38",
            "keyStrokeInfo": "",
            "position": "24,6"
        },
        {
            "operation": "DELETE",
            "lines": 0,
            "keyStrokeTimeStamp": "Thu Apr 29 2021 23:28:38",
            "keyStrokeInfo": "",
            "position": "24,5"
        },
        {
            "operation": "TYPED",
            "lines": 0,
            "keyStrokeTimeStamp": "Thu Apr 29 2021 23:28:39",
            "keyStrokeInfo": "g",
            "position": "24,5"
        },
        {
            "operation": "TYPED",
            "lines": 0,
            "keyStrokeTimeStamp": "Thu Apr 29 2021 23:28:39",
            "keyStrokeInfo": "r",
            "position": "24,6"
        },
        {
            "operation": "TYPED",
            "lines": 0,
            "keyStrokeTimeStamp": "Thu Apr 29 2021 23:28:39",
            "keyStrokeInfo": "e",
            "position": "24,7"
        },
        {
            "operation": "TYPED",
            "lines": 0,
            "keyStrokeTimeStamp": "Thu Apr 29 2021 23:28:40",
            "keyStrokeInfo": "e",
            "position": "24,8"
        },
        {
            "operation": "PASTE",
            "lines": 1,
            "keyStrokeTimeStamp": "Thu Apr 29 2021 23:28:41",
            "keyStrokeInfo": "greenyellow",
            "position": "24,5"
        },
        {
            "operation": "DELETE",
            "lines": 0,
            "keyStrokeTimeStamp": "Thu Apr 29 2021 23:28:42",
            "keyStrokeInfo": "",
            "position": "25,22"
        },
        {
            "operation": "DELETE",
            "lines": 0,
            "keyStrokeTimeStamp": "Thu Apr 29 2021 23:28:43",
            "keyStrokeInfo": "",
            "position": "25,21"
        },
        {
            "operation": "DELETE",
            "lines": 0,
            "keyStrokeTimeStamp": "Thu Apr 29 2021 23:28:43",
            "keyStrokeInfo": "",
            "position": "25,20"
        },
        {
            "operation": "DELETE",
            "lines": 0,
            "keyStrokeTimeStamp": "Thu Apr 29 2021 23:28:43",
            "keyStrokeInfo": "",
            "position": "25,19"
        },
        {
            "operation": "DELETE",
            "lines": 0,
            "keyStrokeTimeStamp": "Thu Apr 29 2021 23:28:43",
            "keyStrokeInfo": "",
            "position": "25,18"
        },
        {
            "operation": "DELETE",
            "lines": 0,
            "keyStrokeTimeStamp": "Thu Apr 29 2021 23:28:43",
            "keyStrokeInfo": "",
            "position": "25,17"
        },
        {
            "operation": "DELETE",
            "lines": 0,
            "keyStrokeTimeStamp": "Thu Apr 29 2021 23:28:43",
            "keyStrokeInfo": "",
            "position": "25,16"
        },
        {
            "operation": "DELETE",
            "lines": 0,
            "keyStrokeTimeStamp": "Thu Apr 29 2021 23:28:43",
            "keyStrokeInfo": "",
            "position": "25,15"
        },
        {
            "operation": "DELETE",
            "lines": 0,
            "keyStrokeTimeStamp": "Thu Apr 29 2021 23:28:43",
            "keyStrokeInfo": "",
            "position": "25,14"
        },
        {
            "operation": "DELETE",
            "lines": 0,
            "keyStrokeTimeStamp": "Thu Apr 29 2021 23:28:43",
            "keyStrokeInfo": "",
            "position": "25,13"
        },
        {
            "operation": "DELETE",
            "lines": 0,
            "keyStrokeTimeStamp": "Thu Apr 29 2021 23:28:43",
            "keyStrokeInfo": "",
            "position": "25,12"
        },
        {
            "operation": "DELETE",
            "lines": 0,
            "keyStrokeTimeStamp": "Thu Apr 29 2021 23:28:43",
            "keyStrokeInfo": "",
            "position": "25,11"
        },
        {
            "operation": "DELETE",
            "lines": 0,
            "keyStrokeTimeStamp": "Thu Apr 29 2021 23:28:43",
            "keyStrokeInfo": "",
            "position": "25,10"
        },
        {
            "operation": "DELETE",
            "lines": 0,
            "keyStrokeTimeStamp": "Thu Apr 29 2021 23:28:43",
            "keyStrokeInfo": "",
            "position": "25,9"
        },
        {
            "operation": "DELETE",
            "lines": 0,
            "keyStrokeTimeStamp": "Thu Apr 29 2021 23:28:43",
            "keyStrokeInfo": "",
            "position": "25,8"
        },
        {
            "operation": "DELETE",
            "lines": 0,
            "keyStrokeTimeStamp": "Thu Apr 29 2021 23:28:43",
            "keyStrokeInfo": "",
            "position": "25,7"
        },
        {
            "operation": "DELETE",
            "lines": 0,
            "keyStrokeTimeStamp": "Thu Apr 29 2021 23:28:43",
            "keyStrokeInfo": "",
            "position": "25,6"
        },
        {
            "operation": "DELETE",
            "lines": 0,
            "keyStrokeTimeStamp": "Thu Apr 29 2021 23:28:44",
            "keyStrokeInfo": "",
            "position": "25,5"
        },
        {
            "operation": "TYPED",
            "lines": 0,
            "keyStrokeTimeStamp": "Thu Apr 29 2021 23:28:45",
            "keyStrokeInfo": "g",
            "position": "25,5"
        },
        {
            "operation": "TYPED",
            "lines": 0,
            "keyStrokeTimeStamp": "Thu Apr 29 2021 23:28:45",
            "keyStrokeInfo": "r",
            "position": "25,6"
        },
        {
            "operation": "TYPED",
            "lines": 0,
            "keyStrokeTimeStamp": "Thu Apr 29 2021 23:28:45",
            "keyStrokeInfo": "e",
            "position": "25,7"
        },
        {
            "operation": "TYPED",
            "lines": 0,
            "keyStrokeTimeStamp": "Thu Apr 29 2021 23:28:45",
            "keyStrokeInfo": "e",
            "position": "25,8"
        },
        {
            "operation": "TYPED",
            "lines": 0,
            "keyStrokeTimeStamp": "Thu Apr 29 2021 23:28:45",
            "keyStrokeInfo": "n",
            "position": "25,9"
        },
        {
            "operation": "PASTE",
            "lines": 1,
            "keyStrokeTimeStamp": "Thu Apr 29 2021 23:28:46",
            "keyStrokeInfo": "greenyellow",
            "position": "25,5"
        },
        {
            "operation": "DELETE",
            "lines": 0,
            "keyStrokeTimeStamp": "Thu Apr 29 2021 23:28:50",
            "keyStrokeInfo": "",
            "position": "34,42"
        },
        {
            "operation": "DELETE",
            "lines": 0,
            "keyStrokeTimeStamp": "Thu Apr 29 2021 23:28:50",
            "keyStrokeInfo": "",
            "position": "34,41"
        },
        {
            "operation": "DELETE",
            "lines": 0,
            "keyStrokeTimeStamp": "Thu Apr 29 2021 23:28:50",
            "keyStrokeInfo": "",
            "position": "34,40"
        },
        {
            "operation": "DELETE",
            "lines": 0,
            "keyStrokeTimeStamp": "Thu Apr 29 2021 23:28:50",
            "keyStrokeInfo": "",
            "position": "34,39"
        },
        {
            "operation": "DELETE",
            "lines": 0,
            "keyStrokeTimeStamp": "Thu Apr 29 2021 23:28:50",
            "keyStrokeInfo": "",
            "position": "34,38"
        },
        {
            "operation": "DELETE",
            "lines": 0,
            "keyStrokeTimeStamp": "Thu Apr 29 2021 23:28:50",
            "keyStrokeInfo": "",
            "position": "34,37"
        },
        {
            "operation": "DELETE",
            "lines": 0,
            "keyStrokeTimeStamp": "Thu Apr 29 2021 23:28:50",
            "keyStrokeInfo": "",
            "position": "34,36"
        },
        {
            "operation": "DELETE",
            "lines": 0,
            "keyStrokeTimeStamp": "Thu Apr 29 2021 23:28:50",
            "keyStrokeInfo": "",
            "position": "34,35"
        },
        {
            "operation": "DELETE",
            "lines": 0,
            "keyStrokeTimeStamp": "Thu Apr 29 2021 23:28:50",
            "keyStrokeInfo": "",
            "position": "34,34"
        },
        {
            "operation": "DELETE",
            "lines": 0,
            "keyStrokeTimeStamp": "Thu Apr 29 2021 23:28:50",
            "keyStrokeInfo": "",
            "position": "34,33"
        },
        {
            "operation": "DELETE",
            "lines": 0,
            "keyStrokeTimeStamp": "Thu Apr 29 2021 23:28:50",
            "keyStrokeInfo": "",
            "position": "34,32"
        },
        {
            "operation": "DELETE",
            "lines": 0,
            "keyStrokeTimeStamp": "Thu Apr 29 2021 23:28:50",
            "keyStrokeInfo": "",
            "position": "34,31"
        },
        {
            "operation": "DELETE",
            "lines": 0,
            "keyStrokeTimeStamp": "Thu Apr 29 2021 23:28:50",
            "keyStrokeInfo": "",
            "position": "34,30"
        },
        {
            "operation": "DELETE",
            "lines": 0,
            "keyStrokeTimeStamp": "Thu Apr 29 2021 23:28:51",
            "keyStrokeInfo": "",
            "position": "34,29"
        },
        {
            "operation": "DELETE",
            "lines": 0,
            "keyStrokeTimeStamp": "Thu Apr 29 2021 23:28:51",
            "keyStrokeInfo": "",
            "position": "34,28"
        },
        {
            "operation": "TYPED",
            "lines": 0,
            "keyStrokeTimeStamp": "Thu Apr 29 2021 23:28:51",
            "keyStrokeInfo": " ",
            "position": "34,28"
        },
        {
            "operation": "TYPED",
            "lines": 0,
            "keyStrokeTimeStamp": "Thu Apr 29 2021 23:28:52",
            "keyStrokeInfo": "b",
            "position": "34,29"
        },
        {
            "operation": "TYPED",
            "lines": 0,
            "keyStrokeTimeStamp": "Thu Apr 29 2021 23:28:52",
            "keyStrokeInfo": "l",
            "position": "34,30"
        },
        {
            "operation": "TYPED",
            "lines": 0,
            "keyStrokeTimeStamp": "Thu Apr 29 2021 23:28:53",
            "keyStrokeInfo": "a",
            "position": "34,31"
        },
        {
            "operation": "TYPED",
            "lines": 0,
            "keyStrokeTimeStamp": "Thu Apr 29 2021 23:28:53",
            "keyStrokeInfo": "c",
            "position": "34,32"
        },
        {
            "operation": "TYPED",
            "lines": 0,
            "keyStrokeTimeStamp": "Thu Apr 29 2021 23:28:53",
            "keyStrokeInfo": "k",
            "position": "34,33"
        },
        {
            "operation": "TYPED",
            "lines": 0,
            "keyStrokeTimeStamp": "Thu Apr 29 2021 23:28:54",
            "keyStrokeInfo": "black",
            "position": "34,29"
        },
        {
            "operation": "DELETE",
            "lines": 0,
            "keyStrokeTimeStamp": "Thu Apr 29 2021 23:29:07",
            "keyStrokeInfo": "",
            "position": "10,16"
        },
        {
            "operation": "TYPED",
            "lines": 0,
            "keyStrokeTimeStamp": "Thu Apr 29 2021 23:29:08",
            "keyStrokeInfo": "7",
            "position": "10,16"
        },
        {
            "operation": "TYPED",
            "lines": 0,
            "keyStrokeTimeStamp": "Thu Apr 29 2021 23:29:08",
            "keyStrokeInfo": "8",
            "position": "10,17"
        },
        {
            "operation": "TYPED",
            "lines": 0,
            "keyStrokeTimeStamp": "Thu Apr 29 2021 23:29:08",
            "keyStrokeInfo": "7",
            "position": "10,18"
        },
        {
            "operation": "DELETE",
            "lines": 0,
            "keyStrokeTimeStamp": "Thu Apr 29 2021 23:29:09",
            "keyStrokeInfo": "",
            "position": "10,18"
        },
        {
            "operation": "DELETE",
            "lines": 0,
            "keyStrokeTimeStamp": "Thu Apr 29 2021 23:29:09",
            "keyStrokeInfo": "",
            "position": "10,17"
        },
        {
            "operation": "DELETE",
            "lines": 0,
            "keyStrokeTimeStamp": "Thu Apr 29 2021 23:29:10",
            "keyStrokeInfo": "",
            "position": "10,16"
        },
        {
            "operation": "TYPED",
            "lines": 0,
            "keyStrokeTimeStamp": "Thu Apr 29 2021 23:29:10",
            "keyStrokeInfo": "8",
            "position": "10,16"
        },
        {
            "operation": "DELETE",
            "lines": 0,
            "keyStrokeTimeStamp": "Thu Apr 29 2021 23:29:14",
            "keyStrokeInfo": "",
            "position": "11,20"
        },
        {
            "operation": "DELETE",
            "lines": 0,
            "keyStrokeTimeStamp": "Thu Apr 29 2021 23:29:15",
            "keyStrokeInfo": "",
            "position": "11,19"
        },
        {
            "operation": "TYPED",
            "lines": 0,
            "keyStrokeTimeStamp": "Thu Apr 29 2021 23:29:15",
            "keyStrokeInfo": "2",
            "position": "11,19"
        },
        {
            "operation": "TYPED",
            "lines": 0,
            "keyStrokeTimeStamp": "Thu Apr 29 2021 23:29:16",
            "keyStrokeInfo": "0",
            "position": "11,20"
        },
        {
            "operation": "DELETE",
            "lines": 0,
            "keyStrokeTimeStamp": "Thu Apr 29 2021 23:29:27",
            "keyStrokeInfo": "",
            "position": "31,20"
        },
        {
            "operation": "DELETE",
            "lines": 0,
            "keyStrokeTimeStamp": "Thu Apr 29 2021 23:29:27",
            "keyStrokeInfo": "",
            "position": "31,19"
        },
        {
            "operation": "TYPED",
            "lines": 0,
            "keyStrokeTimeStamp": "Thu Apr 29 2021 23:29:28",
            "keyStrokeInfo": "2",
            "position": "31,19"
        },
        {
            "operation": "TYPED",
            "lines": 0,
            "keyStrokeTimeStamp": "Thu Apr 29 2021 23:29:28",
            "keyStrokeInfo": "0",
            "position": "31,20"
        }
    ],
    "player.js": [
        {
            "operation": "DELETE",
            "lines": 0,
            "keyStrokeTimeStamp": "Thu Apr 29 2021 23:29:43",
            "keyStrokeInfo": "",
            "position": "7,39"
        },
        {
            "operation": "DELETE",
            "lines": 0,
            "keyStrokeTimeStamp": "Thu Apr 29 2021 23:29:43",
            "keyStrokeInfo": "",
            "position": "7,38"
        },
        {
            "operation": "DELETE",
            "lines": 0,
            "keyStrokeTimeStamp": "Thu Apr 29 2021 23:29:44",
            "keyStrokeInfo": "",
            "position": "7,37"
        },
        {
            "operation": "DELETE",
            "lines": 0,
            "keyStrokeTimeStamp": "Thu Apr 29 2021 23:29:44",
            "keyStrokeInfo": "",
            "position": "7,36"
        },
        {
            "operation": "DELETE",
            "lines": 0,
            "keyStrokeTimeStamp": "Thu Apr 29 2021 23:29:44",
            "keyStrokeInfo": "",
            "position": "7,35"
        },
        {
            "operation": "TYPED",
            "lines": 0,
            "keyStrokeTimeStamp": "Thu Apr 29 2021 23:29:45",
            "keyStrokeInfo": "`",
            "position": "7,35"
        },
        {
            "operation": "TYPED",
            "lines": 0,
            "keyStrokeTimeStamp": "Thu Apr 29 2021 23:29:45",
            "keyStrokeInfo": "1",
            "position": "7,36"
        },
        {
            "operation": "DELETE",
            "lines": 0,
            "keyStrokeTimeStamp": "Thu Apr 29 2021 23:29:46",
            "keyStrokeInfo": "",
            "position": "7,36"
        },
        {
            "operation": "DELETE",
            "lines": 0,
            "keyStrokeTimeStamp": "Thu Apr 29 2021 23:29:47",
            "keyStrokeInfo": "",
            "position": "7,35"
        },
        {
            "operation": "TYPED",
            "lines": 0,
            "keyStrokeTimeStamp": "Thu Apr 29 2021 23:29:47",
            "keyStrokeInfo": "1",
            "position": "7,35"
        },
        {
            "operation": "TYPED",
            "lines": 0,
            "keyStrokeTimeStamp": "Thu Apr 29 2021 23:29:47",
            "keyStrokeInfo": "2",
            "position": "7,36"
        },
        {
            "operation": "TYPED",
            "lines": 0,
            "keyStrokeTimeStamp": "Thu Apr 29 2021 23:29:47",
            "keyStrokeInfo": "1",
            "position": "7,37"
        },
        {
            "operation": "DELETE",
            "lines": 0,
            "keyStrokeTimeStamp": "Thu Apr 29 2021 23:29:48",
            "keyStrokeInfo": "",
            "position": "7,37"
        },
        {
            "operation": "DELETE",
            "lines": 0,
            "keyStrokeTimeStamp": "Thu Apr 29 2021 23:29:48",
            "keyStrokeInfo": "",
            "position": "7,36"
        },
        {
            "operation": "DELETE",
            "lines": 0,
            "keyStrokeTimeStamp": "Thu Apr 29 2021 23:29:48",
            "keyStrokeInfo": "",
            "position": "7,35"
        },
        {
            "operation": "DELETE",
            "lines": 0,
            "keyStrokeTimeStamp": "Thu Apr 29 2021 23:29:54",
            "keyStrokeInfo": "",
            "position": "15,38"
        },
        {
            "operation": "DELETE",
            "lines": 0,
            "keyStrokeTimeStamp": "Thu Apr 29 2021 23:29:55",
            "keyStrokeInfo": "",
            "position": "15,37"
        },
        {
            "operation": "DELETE",
            "lines": 0,
            "keyStrokeTimeStamp": "Thu Apr 29 2021 23:29:55",
            "keyStrokeInfo": "",
            "position": "15,36"
        },
        {
            "operation": "DELETE",
            "lines": 0,
            "keyStrokeTimeStamp": "Thu Apr 29 2021 23:29:55",
            "keyStrokeInfo": "",
            "position": "15,35"
        },
        {
            "operation": "DELETE",
            "lines": 0,
            "keyStrokeTimeStamp": "Thu Apr 29 2021 23:29:55",
            "keyStrokeInfo": "",
            "position": "15,34"
        },
        {
            "operation": "DELETE",
            "lines": 0,
            "keyStrokeTimeStamp": "Thu Apr 29 2021 23:30:03",
            "keyStrokeInfo": "",
            "position": "7,107"
        },
        {
            "operation": "DELETE",
            "lines": 0,
            "keyStrokeTimeStamp": "Thu Apr 29 2021 23:30:03",
            "keyStrokeInfo": "",
            "position": "7,106"
        },
        {
            "operation": "DELETE",
            "lines": 0,
            "keyStrokeTimeStamp": "Thu Apr 29 2021 23:30:03",
            "keyStrokeInfo": "",
            "position": "7,105"
        },
        {
            "operation": "DELETE",
            "lines": 0,
            "keyStrokeTimeStamp": "Thu Apr 29 2021 23:30:03",
            "keyStrokeInfo": "",
            "position": "7,104"
        },
        {
            "operation": "DELETE",
            "lines": 0,
            "keyStrokeTimeStamp": "Thu Apr 29 2021 23:30:03",
            "keyStrokeInfo": "",
            "position": "7,103"
        },
        {
            "operation": "DELETE",
            "lines": 0,
            "keyStrokeTimeStamp": "Thu Apr 29 2021 23:30:03",
            "keyStrokeInfo": "",
            "position": "7,102"
        },
        {
            "operation": "DELETE",
            "lines": 0,
            "keyStrokeTimeStamp": "Thu Apr 29 2021 23:30:03",
            "keyStrokeInfo": "",
            "position": "7,101"
        },
        {
            "operation": "DELETE",
            "lines": 0,
            "keyStrokeTimeStamp": "Thu Apr 29 2021 23:30:03",
            "keyStrokeInfo": "",
            "position": "7,100"
        },
        {
            "operation": "DELETE",
            "lines": 0,
            "keyStrokeTimeStamp": "Thu Apr 29 2021 23:30:03",
            "keyStrokeInfo": "",
            "position": "7,99"
        },
        {
            "operation": "DELETE",
            "lines": 0,
            "keyStrokeTimeStamp": "Thu Apr 29 2021 23:30:03",
            "keyStrokeInfo": "",
            "position": "7,98"
        },
        {
            "operation": "DELETE",
            "lines": 0,
            "keyStrokeTimeStamp": "Thu Apr 29 2021 23:30:03",
            "keyStrokeInfo": "",
            "position": "7,97"
        },
        {
            "operation": "DELETE",
            "lines": 0,
            "keyStrokeTimeStamp": "Thu Apr 29 2021 23:30:03",
            "keyStrokeInfo": "",
            "position": "7,96"
        },
        {
            "operation": "DELETE",
            "lines": 0,
            "keyStrokeTimeStamp": "Thu Apr 29 2021 23:30:03",
            "keyStrokeInfo": "",
            "position": "7,95"
        },
        {
            "operation": "DELETE",
            "lines": 0,
            "keyStrokeTimeStamp": "Thu Apr 29 2021 23:30:04",
            "keyStrokeInfo": "",
            "position": "7,94"
        },
        {
            "operation": "TYPED",
            "lines": 0,
            "keyStrokeTimeStamp": "Thu Apr 29 2021 23:30:05",
            "keyStrokeInfo": " ",
            "position": "7,94"
        },
        {
            "operation": "TYPED",
            "lines": 0,
            "keyStrokeTimeStamp": "Thu Apr 29 2021 23:30:05",
            "keyStrokeInfo": "t",
            "position": "7,95"
        },
        {
            "operation": "TYPED",
            "lines": 0,
            "keyStrokeTimeStamp": "Thu Apr 29 2021 23:30:06",
            "keyStrokeInfo": "h",
            "position": "7,96"
        },
        {
            "operation": "TYPED",
            "lines": 0,
            "keyStrokeTimeStamp": "Thu Apr 29 2021 23:30:06",
            "keyStrokeInfo": "e",
            "position": "7,97"
        },
        {
            "operation": "TYPED",
            "lines": 0,
            "keyStrokeTimeStamp": "Thu Apr 29 2021 23:30:06",
            "keyStrokeInfo": " ",
            "position": "7,98"
        },
        {
            "operation": "TYPED",
            "lines": 0,
            "keyStrokeTimeStamp": "Thu Apr 29 2021 23:30:06",
            "keyStrokeInfo": "n",
            "position": "7,99"
        },
        {
            "operation": "TYPED",
            "lines": 0,
            "keyStrokeTimeStamp": "Thu Apr 29 2021 23:30:07",
            "keyStrokeInfo": "a",
            "position": "7,100"
        },
        {
            "operation": "TYPED",
            "lines": 0,
            "keyStrokeTimeStamp": "Thu Apr 29 2021 23:30:07",
            "keyStrokeInfo": "m",
            "position": "7,101"
        },
        {
            "operation": "TYPED",
            "lines": 0,
            "keyStrokeTimeStamp": "Thu Apr 29 2021 23:30:07",
            "keyStrokeInfo": "e",
            "position": "7,102"
        },
        {
            "operation": "TYPED",
            "lines": 0,
            "keyStrokeTimeStamp": "Thu Apr 29 2021 23:30:07",
            "keyStrokeInfo": " ",
            "position": "7,103"
        },
        {
            "operation": "TYPED",
            "lines": 0,
            "keyStrokeTimeStamp": "Thu Apr 29 2021 23:30:09",
            "keyStrokeInfo": "o",
            "position": "7,104"
        },
        {
            "operation": "TYPED",
            "lines": 0,
            "keyStrokeTimeStamp": "Thu Apr 29 2021 23:30:09",
            "keyStrokeInfo": "f",
            "position": "7,105"
        },
        {
            "operation": "TYPED",
            "lines": 0,
            "keyStrokeTimeStamp": "Thu Apr 29 2021 23:30:09",
            "keyStrokeInfo": " ",
            "position": "7,106"
        },
        {
            "operation": "TYPED",
            "lines": 0,
            "keyStrokeTimeStamp": "Thu Apr 29 2021 23:30:10",
            "keyStrokeInfo": "p",
            "position": "7,107"
        },
        {
            "operation": "TYPED",
            "lines": 0,
            "keyStrokeTimeStamp": "Thu Apr 29 2021 23:30:10",
            "keyStrokeInfo": "l",
            "position": "7,108"
        },
        {
            "operation": "TYPED",
            "lines": 0,
            "keyStrokeTimeStamp": "Thu Apr 29 2021 23:30:10",
            "keyStrokeInfo": "a",
            "position": "7,109"
        },
        {
            "operation": "TYPED",
            "lines": 0,
            "keyStrokeTimeStamp": "Thu Apr 29 2021 23:30:10",
            "keyStrokeInfo": "y",
            "position": "7,110"
        },
        {
            "operation": "TYPED",
            "lines": 0,
            "keyStrokeTimeStamp": "Thu Apr 29 2021 23:30:10",
            "keyStrokeInfo": "e",
            "position": "7,111"
        },
        {
            "operation": "TYPED",
            "lines": 0,
            "keyStrokeTimeStamp": "Thu Apr 29 2021 23:30:11",
            "keyStrokeInfo": "r",
            "position": "7,112"
        },
        {
            "operation": "TYPED",
            "lines": 0,
            "keyStrokeTimeStamp": "Thu Apr 29 2021 23:30:11",
            "keyStrokeInfo": "1",
            "position": "7,113"
        },
        {
            "operation": "DELETE",
            "lines": 0,
            "keyStrokeTimeStamp": "Thu Apr 29 2021 23:30:14",
            "keyStrokeInfo": "",
            "position": "15,106"
        },
        {
            "operation": "DELETE",
            "lines": 0,
            "keyStrokeTimeStamp": "Thu Apr 29 2021 23:30:15",
            "keyStrokeInfo": "",
            "position": "15,105"
        },
        {
            "operation": "DELETE",
            "lines": 0,
            "keyStrokeTimeStamp": "Thu Apr 29 2021 23:30:15",
            "keyStrokeInfo": "",
            "position": "15,104"
        },
        {
            "operation": "DELETE",
            "lines": 0,
            "keyStrokeTimeStamp": "Thu Apr 29 2021 23:30:15",
            "keyStrokeInfo": "",
            "position": "15,103"
        },
        {
            "operation": "DELETE",
            "lines": 0,
            "keyStrokeTimeStamp": "Thu Apr 29 2021 23:30:15",
            "keyStrokeInfo": "",
            "position": "15,102"
        },
        {
            "operation": "DELETE",
            "lines": 0,
            "keyStrokeTimeStamp": "Thu Apr 29 2021 23:30:15",
            "keyStrokeInfo": "",
            "position": "15,101"
        },
        {
            "operation": "DELETE",
            "lines": 0,
            "keyStrokeTimeStamp": "Thu Apr 29 2021 23:30:15",
            "keyStrokeInfo": "",
            "position": "15,100"
        },
        {
            "operation": "DELETE",
            "lines": 0,
            "keyStrokeTimeStamp": "Thu Apr 29 2021 23:30:15",
            "keyStrokeInfo": "",
            "position": "15,99"
        },
        {
            "operation": "DELETE",
            "lines": 0,
            "keyStrokeTimeStamp": "Thu Apr 29 2021 23:30:15",
            "keyStrokeInfo": "",
            "position": "15,98"
        },
        {
            "operation": "DELETE",
            "lines": 0,
            "keyStrokeTimeStamp": "Thu Apr 29 2021 23:30:15",
            "keyStrokeInfo": "",
            "position": "15,97"
        },
        {
            "operation": "DELETE",
            "lines": 0,
            "keyStrokeTimeStamp": "Thu Apr 29 2021 23:30:16",
            "keyStrokeInfo": "",
            "position": "15,96"
        },
        {
            "operation": "DELETE",
            "lines": 0,
            "keyStrokeTimeStamp": "Thu Apr 29 2021 23:30:16",
            "keyStrokeInfo": "",
            "position": "15,95"
        },
        {
            "operation": "DELETE",
            "lines": 0,
            "keyStrokeTimeStamp": "Thu Apr 29 2021 23:30:16",
            "keyStrokeInfo": "",
            "position": "15,94"
        },
        {
            "operation": "DELETE",
            "lines": 0,
            "keyStrokeTimeStamp": "Thu Apr 29 2021 23:30:16",
            "keyStrokeInfo": "",
            "position": "15,93"
        },
        {
            "operation": "TYPED",
            "lines": 0,
            "keyStrokeTimeStamp": "Thu Apr 29 2021 23:30:17",
            "keyStrokeInfo": " ",
            "position": "15,93"
        },
        {
            "operation": "TYPED",
            "lines": 0,
            "keyStrokeTimeStamp": "Thu Apr 29 2021 23:30:17",
            "keyStrokeInfo": "t",
            "position": "15,94"
        },
        {
            "operation": "TYPED",
            "lines": 0,
            "keyStrokeTimeStamp": "Thu Apr 29 2021 23:30:18",
            "keyStrokeInfo": "h",
            "position": "15,95"
        },
        {
            "operation": "TYPED",
            "lines": 0,
            "keyStrokeTimeStamp": "Thu Apr 29 2021 23:30:18",
            "keyStrokeInfo": "e",
            "position": "15,96"
        },
        {
            "operation": "TYPED",
            "lines": 0,
            "keyStrokeTimeStamp": "Thu Apr 29 2021 23:30:18",
            "keyStrokeInfo": " ",
            "position": "15,97"
        },
        {
            "operation": "TYPED",
            "lines": 0,
            "keyStrokeTimeStamp": "Thu Apr 29 2021 23:30:18",
            "keyStrokeInfo": "n",
            "position": "15,98"
        },
        {
            "operation": "TYPED",
            "lines": 0,
            "keyStrokeTimeStamp": "Thu Apr 29 2021 23:30:18",
            "keyStrokeInfo": "a",
            "position": "15,99"
        },
        {
            "operation": "TYPED",
            "lines": 0,
            "keyStrokeTimeStamp": "Thu Apr 29 2021 23:30:19",
            "keyStrokeInfo": "m",
            "position": "15,100"
        },
        {
            "operation": "TYPED",
            "lines": 0,
            "keyStrokeTimeStamp": "Thu Apr 29 2021 23:30:19",
            "keyStrokeInfo": "e",
            "position": "15,101"
        },
        {
            "operation": "TYPED",
            "lines": 0,
            "keyStrokeTimeStamp": "Thu Apr 29 2021 23:30:19",
            "keyStrokeInfo": " ",
            "position": "15,102"
        },
        {
            "operation": "TYPED",
            "lines": 0,
            "keyStrokeTimeStamp": "Thu Apr 29 2021 23:30:19",
            "keyStrokeInfo": "o",
            "position": "15,103"
        },
        {
            "operation": "TYPED",
            "lines": 0,
            "keyStrokeTimeStamp": "Thu Apr 29 2021 23:30:20",
            "keyStrokeInfo": "f",
            "position": "15,104"
        },
        {
            "operation": "TYPED",
            "lines": 0,
            "keyStrokeTimeStamp": "Thu Apr 29 2021 23:30:20",
            "keyStrokeInfo": " ",
            "position": "15,105"
        },
        {
            "operation": "TYPED",
            "lines": 0,
            "keyStrokeTimeStamp": "Thu Apr 29 2021 23:30:20",
            "keyStrokeInfo": "p",
            "position": "15,106"
        },
        {
            "operation": "TYPED",
            "lines": 0,
            "keyStrokeTimeStamp": "Thu Apr 29 2021 23:30:21",
            "keyStrokeInfo": "l",
            "position": "15,107"
        },
        {
            "operation": "TYPED",
            "lines": 0,
            "keyStrokeTimeStamp": "Thu Apr 29 2021 23:30:21",
            "keyStrokeInfo": "a",
            "position": "15,108"
        },
        {
            "operation": "TYPED",
            "lines": 0,
            "keyStrokeTimeStamp": "Thu Apr 29 2021 23:30:21",
            "keyStrokeInfo": "y",
            "position": "15,109"
        },
        {
            "operation": "TYPED",
            "lines": 0,
            "keyStrokeTimeStamp": "Thu Apr 29 2021 23:30:21",
            "keyStrokeInfo": "e",
            "position": "15,110"
        },
        {
            "operation": "TYPED",
            "lines": 0,
            "keyStrokeTimeStamp": "Thu Apr 29 2021 23:30:21",
            "keyStrokeInfo": "r",
            "position": "15,111"
        },
        {
            "operation": "TYPED",
            "lines": 0,
            "keyStrokeTimeStamp": "Thu Apr 29 2021 23:30:22",
            "keyStrokeInfo": " ",
            "position": "15,112"
        },
        {
            "operation": "TYPED",
            "lines": 0,
            "keyStrokeTimeStamp": "Thu Apr 29 2021 23:30:22",
            "keyStrokeInfo": "2",
            "position": "15,113"
        },
        {
            "operation": "DELETE",
            "lines": 0,
            "keyStrokeTimeStamp": "Thu Apr 29 2021 23:30:32",
            "keyStrokeInfo": "",
            "position": "9,49"
        },
        {
            "operation": "DELETE",
            "lines": 0,
            "keyStrokeTimeStamp": "Thu Apr 29 2021 23:30:33",
            "keyStrokeInfo": "",
            "position": "9,48"
        },
        {
            "operation": "DELETE",
            "lines": 0,
            "keyStrokeTimeStamp": "Thu Apr 29 2021 23:30:33",
            "keyStrokeInfo": "",
            "position": "9,47"
        },
        {
            "operation": "DELETE",
            "lines": 0,
            "keyStrokeTimeStamp": "Thu Apr 29 2021 23:30:33",
            "keyStrokeInfo": "",
            "position": "9,46"
        },
        {
            "operation": "TYPED",
            "lines": 0,
            "keyStrokeTimeStamp": "Thu Apr 29 2021 23:30:35",
            "keyStrokeInfo": ">red",
            "position": "9,46"
        },
        {
            "operation": "DELETE",
            "lines": 0,
            "keyStrokeTimeStamp": "Thu Apr 29 2021 23:30:35",
            "keyStrokeInfo": "",
            "position": "9,49"
        },
        {
            "operation": "DELETE",
            "lines": 0,
            "keyStrokeTimeStamp": "Thu Apr 29 2021 23:30:36",
            "keyStrokeInfo": "",
            "position": "9,48"
        },
        {
            "operation": "DELETE",
            "lines": 0,
            "keyStrokeTimeStamp": "Thu Apr 29 2021 23:30:36",
            "keyStrokeInfo": "",
            "position": "9,47"
        },
        {
            "operation": "TYPED",
            "lines": 0,
            "keyStrokeTimeStamp": "Thu Apr 29 2021 23:30:37",
            "keyStrokeInfo": "v",
            "position": "9,47"
        },
        {
            "operation": "DELETE",
            "lines": 0,
            "keyStrokeTimeStamp": "Thu Apr 29 2021 23:30:37",
            "keyStrokeInfo": "",
            "position": "9,47"
        },
        {
            "operation": "TYPED",
            "lines": 0,
            "keyStrokeTimeStamp": "Thu Apr 29 2021 23:30:37",
            "keyStrokeInfo": "b",
            "position": "9,47"
        },
        {
            "operation": "TYPED",
            "lines": 0,
            "keyStrokeTimeStamp": "Thu Apr 29 2021 23:30:38",
            "keyStrokeInfo": "l",
            "position": "9,48"
        },
        {
            "operation": "TYPED",
            "lines": 0,
            "keyStrokeTimeStamp": "Thu Apr 29 2021 23:30:38",
            "keyStrokeInfo": "u",
            "position": "9,49"
        },
        {
            "operation": "TYPED",
            "lines": 0,
            "keyStrokeTimeStamp": "Thu Apr 29 2021 23:30:38",
            "keyStrokeInfo": "w",
            "position": "9,50"
        },
        {
            "operation": "DELETE",
            "lines": 0,
            "keyStrokeTimeStamp": "Thu Apr 29 2021 23:30:40",
            "keyStrokeInfo": "",
            "position": "10,49"
        },
        {
            "operation": "DELETE",
            "lines": 0,
            "keyStrokeTimeStamp": "Thu Apr 29 2021 23:30:40",
            "keyStrokeInfo": "",
            "position": "10,48"
        },
        {
            "operation": "DELETE",
            "lines": 0,
            "keyStrokeTimeStamp": "Thu Apr 29 2021 23:30:40",
            "keyStrokeInfo": "",
            "position": "10,47"
        },
        {
            "operation": "DELETE",
            "lines": 0,
            "keyStrokeTimeStamp": "Thu Apr 29 2021 23:30:40",
            "keyStrokeInfo": "",
            "position": "10,46"
        },
        {
            "operation": "DELETE",
            "lines": 0,
            "keyStrokeTimeStamp": "Thu Apr 29 2021 23:30:41",
            "keyStrokeInfo": "",
            "position": "10,45"
        },
        {
            "operation": "DELETE",
            "lines": 0,
            "keyStrokeTimeStamp": "Thu Apr 29 2021 23:30:41",
            "keyStrokeInfo": "",
            "position": "10,44"
        },
        {
            "operation": "TYPED",
            "lines": 0,
            "keyStrokeTimeStamp": "Thu Apr 29 2021 23:30:42",
            "keyStrokeInfo": "g",
            "position": "10,44"
        },
        {
            "operation": "TYPED",
            "lines": 0,
            "keyStrokeTimeStamp": "Thu Apr 29 2021 23:30:42",
            "keyStrokeInfo": "r",
            "position": "10,45"
        },
        {
            "operation": "TYPED",
            "lines": 0,
            "keyStrokeTimeStamp": "Thu Apr 29 2021 23:30:42",
            "keyStrokeInfo": "e",
            "position": "10,46"
        },
        {
            "operation": "TYPED",
            "lines": 0,
            "keyStrokeTimeStamp": "Thu Apr 29 2021 23:30:42",
            "keyStrokeInfo": "e",
            "position": "10,47"
        },
        {
            "operation": "TYPED",
            "lines": 0,
            "keyStrokeTimeStamp": "Thu Apr 29 2021 23:30:42",
            "keyStrokeInfo": "n",
            "position": "10,48"
        },
        {
            "operation": "DELETE",
            "lines": 0,
            "keyStrokeTimeStamp": "Thu Apr 29 2021 23:30:44",
            "keyStrokeInfo": "",
            "position": "11,44"
        },
        {
            "operation": "DELETE",
            "lines": 0,
            "keyStrokeTimeStamp": "Thu Apr 29 2021 23:30:45",
            "keyStrokeInfo": "",
            "position": "11,43"
        },
        {
            "operation": "DELETE",
            "lines": 0,
            "keyStrokeTimeStamp": "Thu Apr 29 2021 23:30:45",
            "keyStrokeInfo": "",
            "position": "11,42"
        },
        {
            "operation": "DELETE",
            "lines": 0,
            "keyStrokeTimeStamp": "Thu Apr 29 2021 23:30:45",
            "keyStrokeInfo": "",
            "position": "11,41"
        },
        {
            "operation": "TYPED",
            "lines": 0,
            "keyStrokeTimeStamp": "Thu Apr 29 2021 23:30:46",
            "keyStrokeInfo": "y",
            "position": "11,41"
        },
        {
            "operation": "TYPED",
            "lines": 0,
            "keyStrokeTimeStamp": "Thu Apr 29 2021 23:30:46",
            "keyStrokeInfo": "e",
            "position": "11,42"
        },
        {
            "operation": "TYPED",
            "lines": 0,
            "keyStrokeTimeStamp": "Thu Apr 29 2021 23:30:46",
            "keyStrokeInfo": "l",
            "position": "11,43"
        },
        {
            "operation": "TYPED",
            "lines": 0,
            "keyStrokeTimeStamp": "Thu Apr 29 2021 23:30:46",
            "keyStrokeInfo": "l",
            "position": "11,44"
        },
        {
            "operation": "TYPED",
            "lines": 0,
            "keyStrokeTimeStamp": "Thu Apr 29 2021 23:30:46",
            "keyStrokeInfo": "o",
            "position": "11,45"
        },
        {
            "operation": "TYPED",
            "lines": 0,
            "keyStrokeTimeStamp": "Thu Apr 29 2021 23:30:46",
            "keyStrokeInfo": "w",
            "position": "11,46"
        },
        {
            "operation": "DELETE",
            "lines": 0,
            "keyStrokeTimeStamp": "Thu Apr 29 2021 23:30:49",
            "keyStrokeInfo": "",
            "position": "17,49"
        },
        {
            "operation": "DELETE",
            "lines": 0,
            "keyStrokeTimeStamp": "Thu Apr 29 2021 23:30:49",
            "keyStrokeInfo": "",
            "position": "17,48"
        },
        {
            "operation": "DELETE",
            "lines": 0,
            "keyStrokeTimeStamp": "Thu Apr 29 2021 23:30:49",
            "keyStrokeInfo": "",
            "position": "17,47"
        },
        {
            "operation": "TYPED",
            "lines": 0,
            "keyStrokeTimeStamp": "Thu Apr 29 2021 23:30:50",
            "keyStrokeInfo": "b",
            "position": "17,47"
        },
        {
            "operation": "TYPED",
            "lines": 0,
            "keyStrokeTimeStamp": "Thu Apr 29 2021 23:30:50",
            "keyStrokeInfo": "l",
            "position": "17,48"
        },
        {
            "operation": "TYPED",
            "lines": 0,
            "keyStrokeTimeStamp": "Thu Apr 29 2021 23:30:51",
            "keyStrokeInfo": "u",
            "position": "17,49"
        },
        {
            "operation": "TYPED",
            "lines": 0,
            "keyStrokeTimeStamp": "Thu Apr 29 2021 23:30:51",
            "keyStrokeInfo": "e",
            "position": "17,50"
        },
        {
            "operation": "DELETE",
            "lines": 0,
            "keyStrokeTimeStamp": "Thu Apr 29 2021 23:30:54",
            "keyStrokeInfo": "",
            "position": "18,49"
        },
        {
            "operation": "DELETE",
            "lines": 0,
            "keyStrokeTimeStamp": "Thu Apr 29 2021 23:30:54",
            "keyStrokeInfo": "",
            "position": "18,48"
        },
        {
            "operation": "DELETE",
            "lines": 0,
            "keyStrokeTimeStamp": "Thu Apr 29 2021 23:30:55",
            "keyStrokeInfo": "",
            "position": "18,47"
        },
        {
            "operation": "DELETE",
            "lines": 0,
            "keyStrokeTimeStamp": "Thu Apr 29 2021 23:30:55",
            "keyStrokeInfo": "",
            "position": "18,46"
        },
        {
            "operation": "DELETE",
            "lines": 0,
            "keyStrokeTimeStamp": "Thu Apr 29 2021 23:30:55",
            "keyStrokeInfo": "",
            "position": "18,45"
        },
        {
            "operation": "DELETE",
            "lines": 0,
            "keyStrokeTimeStamp": "Thu Apr 29 2021 23:30:55",
            "keyStrokeInfo": "",
            "position": "18,44"
        },
        {
            "operation": "TYPED",
            "lines": 0,
            "keyStrokeTimeStamp": "Thu Apr 29 2021 23:30:56",
            "keyStrokeInfo": "g",
            "position": "18,44"
        },
        {
            "operation": "TYPED",
            "lines": 0,
            "keyStrokeTimeStamp": "Thu Apr 29 2021 23:30:56",
            "keyStrokeInfo": "r",
            "position": "18,45"
        },
        {
            "operation": "TYPED",
            "lines": 0,
            "keyStrokeTimeStamp": "Thu Apr 29 2021 23:30:56",
            "keyStrokeInfo": "e",
            "position": "18,46"
        },
        {
            "operation": "TYPED",
            "lines": 0,
            "keyStrokeTimeStamp": "Thu Apr 29 2021 23:30:57",
            "keyStrokeInfo": "e",
            "position": "18,47"
        },
        {
            "operation": "TYPED",
            "lines": 0,
            "keyStrokeTimeStamp": "Thu Apr 29 2021 23:30:57",
            "keyStrokeInfo": "n",
            "position": "18,48"
        },
        {
            "operation": "DELETE",
            "lines": 0,
            "keyStrokeTimeStamp": "Thu Apr 29 2021 23:30:59",
            "keyStrokeInfo": "",
            "position": "19,44"
        },
        {
            "operation": "DELETE",
            "lines": 0,
            "keyStrokeTimeStamp": "Thu Apr 29 2021 23:30:59",
            "keyStrokeInfo": "",
            "position": "19,43"
        },
        {
            "operation": "DELETE",
            "lines": 0,
            "keyStrokeTimeStamp": "Thu Apr 29 2021 23:30:59",
            "keyStrokeInfo": "",
            "position": "19,42"
        },
        {
            "operation": "DELETE",
            "lines": 0,
            "keyStrokeTimeStamp": "Thu Apr 29 2021 23:30:59",
            "keyStrokeInfo": "",
            "position": "19,41"
        },
        {
            "operation": "TYPED",
            "lines": 0,
            "keyStrokeTimeStamp": "Thu Apr 29 2021 23:31:00",
            "keyStrokeInfo": "y",
            "position": "19,41"
        },
        {
            "operation": "TYPED",
            "lines": 0,
            "keyStrokeTimeStamp": "Thu Apr 29 2021 23:31:00",
            "keyStrokeInfo": "e",
            "position": "19,42"
        },
        {
            "operation": "TYPED",
            "lines": 0,
            "keyStrokeTimeStamp": "Thu Apr 29 2021 23:31:00",
            "keyStrokeInfo": "l",
            "position": "19,43"
        },
        {
            "operation": "TYPED",
            "lines": 0,
            "keyStrokeTimeStamp": "Thu Apr 29 2021 23:31:01",
            "keyStrokeInfo": "l",
            "position": "19,44"
        },
        {
            "operation": "TYPED",
            "lines": 0,
            "keyStrokeTimeStamp": "Thu Apr 29 2021 23:31:01",
            "keyStrokeInfo": "o",
            "position": "19,45"
        },
        {
            "operation": "TYPED",
            "lines": 0,
            "keyStrokeTimeStamp": "Thu Apr 29 2021 23:31:01",
            "keyStrokeInfo": "w",
            "position": "19,46"
        }
    ],
    "App.css": [
        {
            "operation": "DELETE",
            "lines": 0,
            "keyStrokeTimeStamp": "Fri Apr 30 2021 18:43:17",
            "keyStrokeInfo": "",
            "position": "85,23"
        },
        {
            "operation": "DELETE",
            "lines": 0,
            "keyStrokeTimeStamp": "Fri Apr 30 2021 18:43:17",
            "keyStrokeInfo": "",
            "position": "85,22"
        },
        {
            "operation": "DELETE",
            "lines": 0,
            "keyStrokeTimeStamp": "Fri Apr 30 2021 18:43:18",
            "keyStrokeInfo": "",
            "position": "85,21"
        },
        {
            "operation": "DELETE",
            "lines": 0,
            "keyStrokeTimeStamp": "Fri Apr 30 2021 18:43:19",
            "keyStrokeInfo": "",
            "position": "85,20"
        },
        {
            "operation": "TYPED",
            "lines": 0,
            "keyStrokeTimeStamp": "Fri Apr 30 2021 18:43:20",
            "keyStrokeInfo": " ",
            "position": "85,20"
        },
        {
            "operation": "TYPED",
            "lines": 0,
            "keyStrokeTimeStamp": "Fri Apr 30 2021 18:43:20",
            "keyStrokeInfo": "b",
            "position": "85,21"
        },
        {
            "operation": "TYPED",
            "lines": 0,
            "keyStrokeTimeStamp": "Fri Apr 30 2021 18:43:21",
            "keyStrokeInfo": "l",
            "position": "85,22"
        },
        {
            "operation": "TYPED",
            "lines": 0,
            "keyStrokeTimeStamp": "Fri Apr 30 2021 18:43:21",
            "keyStrokeInfo": "u",
            "position": "85,23"
        },
        {
            "operation": "TYPED",
            "lines": 0,
            "keyStrokeTimeStamp": "Fri Apr 30 2021 18:43:21",
            "keyStrokeInfo": "e",
            "position": "85,24"
        },
        {
            "operation": "TYPED",
            "lines": 0,
            "keyStrokeTimeStamp": "Fri Apr 30 2021 18:43:22",
            "keyStrokeInfo": "blue",
            "position": "85,21"
        },
        {
            "operation": "DELETE",
            "lines": 0,
            "keyStrokeTimeStamp": "Fri Apr 30 2021 18:43:24",
            "keyStrokeInfo": "",
            "position": "93,27"
        },
        {
            "operation": "DELETE",
            "lines": 0,
            "keyStrokeTimeStamp": "Fri Apr 30 2021 18:43:25",
            "keyStrokeInfo": "",
            "position": "93,26"
        },
        {
            "operation": "DELETE",
            "lines": 0,
            "keyStrokeTimeStamp": "Fri Apr 30 2021 18:43:25",
            "keyStrokeInfo": "",
            "position": "93,25"
        },
        {
            "operation": "DELETE",
            "lines": 0,
            "keyStrokeTimeStamp": "Fri Apr 30 2021 18:43:25",
            "keyStrokeInfo": "",
            "position": "93,24"
        },
        {
            "operation": "DELETE",
            "lines": 0,
            "keyStrokeTimeStamp": "Fri Apr 30 2021 18:43:25",
            "keyStrokeInfo": "",
            "position": "93,23"
        },
        {
            "operation": "DELETE",
            "lines": 0,
            "keyStrokeTimeStamp": "Fri Apr 30 2021 18:43:25",
            "keyStrokeInfo": "",
            "position": "93,22"
        },
        {
            "operation": "DELETE",
            "lines": 0,
            "keyStrokeTimeStamp": "Fri Apr 30 2021 18:43:26",
            "keyStrokeInfo": "",
            "position": "93,21"
        },
        {
            "operation": "TYPED",
            "lines": 0,
            "keyStrokeTimeStamp": "Fri Apr 30 2021 18:43:27",
            "keyStrokeInfo": "g",
            "position": "93,21"
        },
        {
            "operation": "TYPED",
            "lines": 0,
            "keyStrokeTimeStamp": "Fri Apr 30 2021 18:43:27",
            "keyStrokeInfo": "r",
            "position": "93,22"
        },
        {
            "operation": "TYPED",
            "lines": 0,
            "keyStrokeTimeStamp": "Fri Apr 30 2021 18:43:27",
            "keyStrokeInfo": "e",
            "position": "93,23"
        },
        {
            "operation": "TYPED",
            "lines": 0,
            "keyStrokeTimeStamp": "Fri Apr 30 2021 18:43:27",
            "keyStrokeInfo": "e",
            "position": "93,24"
        },
        {
            "operation": "TYPED",
            "lines": 0,
            "keyStrokeTimeStamp": "Fri Apr 30 2021 18:43:28",
            "keyStrokeInfo": "n",
            "position": "93,25"
        },
        {
            "operation": "TYPED",
            "lines": 0,
            "keyStrokeTimeStamp": "Fri Apr 30 2021 18:43:29",
            "keyStrokeInfo": "green",
            "position": "93,21"
        },
        {
            "operation": "TYPED",
            "lines": 0,
            "keyStrokeTimeStamp": "Fri Apr 30 2021 18:43:32",
            "keyStrokeInfo": ";",
            "position": "93,26"
        },
        {
            "operation": "DELETE",
            "lines": 0,
            "keyStrokeTimeStamp": "Fri Apr 30 2021 18:43:43",
            "keyStrokeInfo": "",
            "position": "63,23"
        },
        {
            "operation": "DELETE",
            "lines": 0,
            "keyStrokeTimeStamp": "Fri Apr 30 2021 18:43:43",
            "keyStrokeInfo": "",
            "position": "63,22"
        },
        {
            "operation": "DELETE",
            "lines": 0,
            "keyStrokeTimeStamp": "Fri Apr 30 2021 18:43:43",
            "keyStrokeInfo": "",
            "position": "63,21"
        },
        {
            "operation": "TYPED",
            "lines": 0,
            "keyStrokeTimeStamp": "Fri Apr 30 2021 18:43:45",
            "keyStrokeInfo": "b",
            "position": "63,21"
        },
        {
            "operation": "TYPED",
            "lines": 0,
            "keyStrokeTimeStamp": "Fri Apr 30 2021 18:43:46",
            "keyStrokeInfo": "l",
            "position": "63,22"
        },
        {
            "operation": "TYPED",
            "lines": 0,
            "keyStrokeTimeStamp": "Fri Apr 30 2021 18:43:46",
            "keyStrokeInfo": "u",
            "position": "63,23"
        },
        {
            "operation": "TYPED",
            "lines": 0,
            "keyStrokeTimeStamp": "Fri Apr 30 2021 18:43:47",
            "keyStrokeInfo": "e",
            "position": "63,24"
        },
        {
            "operation": "TYPED",
            "lines": 0,
            "keyStrokeTimeStamp": "Fri Apr 30 2021 18:43:47",
            "keyStrokeInfo": "blue",
            "position": "63,21"
        },
        {
            "operation": "TYPED",
            "lines": 0,
            "keyStrokeTimeStamp": "Fri Apr 30 2021 18:43:47",
            "keyStrokeInfo": "\r\n  ",
            "position": "63,25"
        },
        {
            "operation": "DELETE",
            "lines": 1,
            "keyStrokeTimeStamp": "Fri Apr 30 2021 18:43:49",
            "keyStrokeInfo": "",
            "position": "63,25"
        },
        {
            "operation": "DELETE",
            "lines": 0,
            "keyStrokeTimeStamp": "Fri Apr 30 2021 18:43:52",
            "keyStrokeInfo": "",
            "position": "67,26"
        },
        {
            "operation": "DELETE",
            "lines": 0,
            "keyStrokeTimeStamp": "Fri Apr 30 2021 18:43:53",
            "keyStrokeInfo": "",
            "position": "67,25"
        },
        {
            "operation": "DELETE",
            "lines": 0,
            "keyStrokeTimeStamp": "Fri Apr 30 2021 18:43:53",
            "keyStrokeInfo": "",
            "position": "67,24"
        },
        {
            "operation": "DELETE",
            "lines": 0,
            "keyStrokeTimeStamp": "Fri Apr 30 2021 18:43:53",
            "keyStrokeInfo": "",
            "position": "67,23"
        },
        {
            "operation": "DELETE",
            "lines": 0,
            "keyStrokeTimeStamp": "Fri Apr 30 2021 18:43:54",
            "keyStrokeInfo": "",
            "position": "67,22"
        },
        {
            "operation": "DELETE",
            "lines": 0,
            "keyStrokeTimeStamp": "Fri Apr 30 2021 18:43:54",
            "keyStrokeInfo": "",
            "position": "67,21"
        },
        {
            "operation": "TYPED",
            "lines": 0,
            "keyStrokeTimeStamp": "Fri Apr 30 2021 18:43:55",
            "keyStrokeInfo": "g",
            "position": "67,21"
        },
        {
            "operation": "TYPED",
            "lines": 0,
            "keyStrokeTimeStamp": "Fri Apr 30 2021 18:43:55",
            "keyStrokeInfo": "r",
            "position": "67,22"
        },
        {
            "operation": "TYPED",
            "lines": 0,
            "keyStrokeTimeStamp": "Fri Apr 30 2021 18:43:55",
            "keyStrokeInfo": "e",
            "position": "67,23"
        },
        {
            "operation": "TYPED",
            "lines": 0,
            "keyStrokeTimeStamp": "Fri Apr 30 2021 18:43:55",
            "keyStrokeInfo": "e",
            "position": "67,24"
        },
        {
            "operation": "TYPED",
            "lines": 0,
            "keyStrokeTimeStamp": "Fri Apr 30 2021 18:43:56",
            "keyStrokeInfo": "n",
            "position": "67,25"
        },
        {
            "operation": "TYPED",
            "lines": 0,
            "keyStrokeTimeStamp": "Fri Apr 30 2021 18:43:57",
            "keyStrokeInfo": "green",
            "position": "67,21"
        }
    ]
}